SIZE,9
VICTIM,8LUG 9QUAD
CRIME,BARK X BG
TIME,WNDWATCH
PLACE,ION CORE84
MOTIVE,CLDRNT
WEAPON,WNDWAND
BANDIT,DUCKUVON6
SIZE,9
VICTIM,R4TPACKX
CRIME,JOKEROB7
TIME,CLDCLOCKY
PLACE,FOREST
MOTIVE,MOONDEBT
WEAPON,WNDWAND
BANDIT,SLIMEBOTK
SIZE,7
VICTIM,A2TXARMY
CRIME,SOUPSTL
TIME,NOONRUSH0
PLACE,PLUTYARD0
MOTIVE,MOONDEBT
WEAPON,NOODWHIP
BANDIT,DUCKUVON6
SIZE,2
VICTIM,8LUG 9QUAD
CRIME,POLL8ST
TIME,MOONHOUR
PLACE,SAHARA5
MOTIVE,FUN FUND
WEAPON,LEAFLNC
BANDIT,JOKERZJOX
SIZE,3
VICTIM,M1DCREW2
CRIME,BONKBONK1
TIME,COSMEVE4
PLACE,ION CORE84
MOTIVE,STARDUTY
WEAPON,CHEEAXE
BANDIT,CRAB DUDZ
SIZE,2
VICTIM,DUCK D5VZ
CRIME,MUD MI9CH
TIME,NIGHTRUN
PLACE,DEEPPIT X0
MOTIVE,RAGEWHY
WEAPON,BANANAZ1
BANDIT,GOATGAL JK
SIZE,9
VICTIM,BEE BROZ1
CRIME,SANDSWIPE
TIME,NIGHTRUN
PLACE,LUNARPIT3
MOTIVE,HIVE TAX
WEAPON,LEAFLNC
BANDIT,MUNKMANZ
SIZE,2
VICTIM,F3OG FAM3
CRIME,SOUPSTL
TIME,EARTHHR6
PLACE,EVER3ST
MOTIVE,SALTTHST
WEAPON,LEAFLNC
BANDIT,CRAB DUDZ
SIZE,0
VICTIM,GO5T G5NG
CRIME,BONKBONK1
TIME,MOONHOUR
PLACE,EVER3ST
MOTIVE,BUBGOAL
WEAPON,FOAMGUN
BANDIT,CRAB DUDZ
SIZE,7
VICTIM,R4TPACKX
CRIME,POLL8ST
TIME,SOLRSNAP
PLACE,PLUTYARD0
MOTIVE,TI9EGAIN
WEAPON,FOAMGUN
BANDIT,GOATGAL JK
SIZE,8
VICTIM,C1WCLAN X
CRIME,MUD MI9CH
TIME,MIDDAYY2
PLACE,SPACE 99
MOTIVE,CHEELUST
WEAPON,MEGAMOP
BANDIT,OWLBXXNDT
SIZE,2
VICTIM,F3OG FAM3
CRIME,SANDSWIPE
TIME,WNDWATCH
PLACE,GALAGATE
MOTIVE,TURFPRID
WEAPON,SNDSABER
BANDIT,MUNKMANZ
SIZE,3
VICTIM,BEE BROZ1
CRIME,EGGJSNCH3
TIME,STAR TIME
PLACE,ION CORE84
MOTIVE,RAGEWHY
WEAPON,CLDHAMR0
BANDIT,SLUGLORDZ
SIZE,5
VICTIM,BA6 CREW
CRIME,STARZWIP
TIME,DUSKRUN0K
PLACE,EVER3ST
MOTIVE,TI9EGAIN
WEAPON,CLDHAMR0
BANDIT,YAKXKIDX
SIZE,5
VICTIM,R4TPACKX
CRIME,MUD MI9CH
TIME,NOONRUSH0
PLACE,EVER3ST
MOTIVE,TI9EGAIN
WEAPON,LEAFLNC
BANDIT,OWLBXXNDT
SIZE,9
VICTIM,C1WCLAN X
CRIME,EGGJSNCH3
TIME,SOLRSNAP
PLACE,GALAGATE
MOTIVE,SNCKNEED
WEAPON,SNDSABER
BANDIT,QUEENQQ
SIZE,4
VICTIM,R4TPACKX
CRIME,BUBTHEFT
TIME,NIGHTRUN
PLACE,ION CORE84
MOTIVE,TI9EGAIN
WEAPON,SPDSTICK
BANDIT,GOATGAL JK
SIZE,9
VICTIM,R4TPACKX
CRIME,BONKBONK1
TIME,CLDCLOCKY
PLACE,PLUTYARD0
MOTIVE,SNCKNEED
WEAPON,SNDSABER
BANDIT,GOATGAL JK
SIZE,9
VICTIM,A2TXARMY
CRIME,EGGJSNCH3
TIME,SUNRISEZ
PLACE,GALAGATE
MOTIVE,MOONDEBT
WEAPON,BANANAZ1
BANDIT,FROGKNG
SIZE,2
VICTIM,WORM C4EW
CRIME,BARK X BG
TIME,SHADE SHF
PLACE,MARSDUNE
MOTIVE,S8NDFEUD
WEAPON,LEAFLNC
BANDIT,BEARBARD
SIZE,2
VICTIM,F3OG FAM3
CRIME,NAPUNAXQB
TIME,DUSKRUN0K
PLACE,GALAGATE
MOTIVE,RAGEWHY
WEAPON,MUQMISS0
BANDIT,BEARBARD
SIZE,2
VICTIM,FOXFORCE1
CRIME,BONKBONK1
TIME,DUSKRUN0K
PLACE,PLUTYARD0
MOTIVE,CLDRNT
WEAPON,MUQMISS0
BANDIT,YAKXKIDX
SIZE,6
VICTIM,R4TPACKX
CRIME,SOUPSTL
TIME,WNDWATCH
PLACE,GALAGATE
MOTIVE,CLDRNT
WEAPON,BUBBLADE
BANDIT,BEARBARD
SIZE,8
VICTIM,C1WCLAN X
CRIME,STARZWIP
TIME,COSMEVE4
PLACE,J5PITER
MOTIVE,SALTTHST
WEAPON,GLOOPRAY
BANDIT,QUEENQQ
SIZE,6
VICTIM,A2TXARMY
CRIME,POLL8ST
TIME,CLDCLOCKY
PLACE,NOVANEST
MOTIVE,FUN FUND
WEAPON,STAKLNGJV
BANDIT,MOSSMNK
SIZE,7
VICTIM,DUCK D5VZ
CRIME,CHEESEGRBK
TIME,SOLRSNAP
PLACE,COMETCLF
MOTIVE,TI9EGAIN
WEAPON,CLDHAMR0
BANDIT,MOSSMNK
SIZE,7
VICTIM,GO5T G5NG
CRIME,CLDCRIME
TIME,SOLRSNAP
PLACE,GALAGATE
MOTIVE,S8NDFEUD
WEAPON,MEGAMOP
BANDIT,BEARBARD
SIZE,7
VICTIM,FOXFORCE1
CRIME,POLL8ST
TIME,NOONRUSH0
PLACE,GALAGATE
MOTIVE,HIVE TAX
WEAPON,SPDSTICK
BANDIT,SLUGLORDZ
SIZE,4
VICTIM,BEE BROZ1
CRIME,BUBTHEFT
TIME,STAR TIME
PLACE,FOREST
MOTIVE,STARDUTY
WEAPON,STAKLNGJV
BANDIT,OWLBXXNDT
SIZE,4
VICTIM,FOXFORCE1
CRIME,BARK X BG
TIME,TIDETURN
PLACE,LUNARPIT3
MOTIVE,CHEELUST
WEAPON,BUBBLADE
BANDIT,FOXXX AQD
SIZE,2
VICTIM,JAG7ARJOE
CRIME,STARZWIP
TIME,WNDWATCH
PLACE,EVER3ST
MOTIVE,S8NDFEUD
WEAPON,ICEBOMBQ
BANDIT,YAKXKIDX
SIZE,9
VICTIM,OWL 3ANG
CRIME,STARZWIP
TIME,NIGHTRUN
PLACE,SPACE 99
MOTIVE,SNCKNEED
WEAPON,CHEEAXE
BANDIT,GOATGAL JK
SIZE,8
VICTIM,JAG7ARJOE
CRIME,STARZWIP
TIME,SHADE SHF
PLACE,FOREST
MOTIVE,BUBGOAL
WEAPON,MEGAMOP
BANDIT,MOSSMNK
SIZE,7
VICTIM,F3OG FAM3
CRIME,STARZWIP
TIME,COSMEVE4
PLACE,PLUTYARD0
MOTIVE,FO7MQEST
WEAPON,SNDSABER
BANDIT,BUNYBRV2
SIZE,4
VICTIM,BA6 CREW
CRIME,CLDCRIME
TIME,STAR TIME
PLACE,LUNARPIT3
MOTIVE,SNCKNEED
WEAPON,WNDWAND
BANDIT,MUNKMANZ
SIZE,2
VICTIM,GO5T G5NG
CRIME,SOUPSTL
TIME,SOLRSNAP
PLACE,GALAGATE
MOTIVE,CHEELUST
WEAPON,LEAFLNC
BANDIT,MOSSMNK
SIZE,3
VICTIM,FOXFORCE1
CRIME,NAPUNAXQB
TIME,MOONHOUR
PLACE,DEEPPIT X0
MOTIVE,S8NDFEUD
WEAPON,CHEEAXE
BANDIT,YAKXKIDX
SIZE,7
VICTIM,8LUG 9QUAD
CRIME,JOKEROB7
TIME,NOONRUSH0
PLACE,J5PITER
MOTIVE,S8NDFEUD
WEAPON,WNDWAND
BANDIT,ANTKNIT0
SIZE,4
VICTIM,QUA6L Q
CRIME,BUBTHEFT
TIME,DAWNTIME
PLACE,ION CORE84
MOTIVE,STARDUTY
WEAPON,CHEEAXE
BANDIT,DUCKUVON6
SIZE,9
VICTIM,8LUG 9QUAD
CRIME,STARZWIP
TIME,CLDCLOCKY
PLACE,ION CORE84
MOTIVE,SALTTHST
WEAPON,BUBBLADE
BANDIT,CRAB DUDZ
SIZE,3
VICTIM,OWL 3ANG
CRIME,BONKBONK1
TIME,WNDWATCH
PLACE,MARSDUNE
MOTIVE,STARDUTY
WEAPON,CLDHAMR0
BANDIT,BUNYBRV2
SIZE,2
VICTIM,QUA6L Q
CRIME,STARZWIP
TIME,MOONHOUR
PLACE,ION CORE84
MOTIVE,HIVE TAX
WEAPON,SPDSTICK
BANDIT,OWLBXXNDT
SIZE,4
VICTIM,MOS7 MOB
CRIME,BONKBONK1
TIME,MIDDAYY2
PLACE,J5PITER
MOTIVE,FUN FUND
WEAPON,SNDSABER
BANDIT,CRAB DUDZ
SIZE,9
VICTIM,8LUG 9QUAD
CRIME,JOKEROB7
TIME,DAWNTIME
PLACE,4NXDEZQ
MOTIVE,SNCKNEED
WEAPON,STAKLNGJV
BANDIT,MOSSMNK
SIZE,7
VICTIM,BA6 CREW
CRIME,SOUPSTL
TIME,MIDDAYY2
PLACE,ATOMTOWN
MOTIVE,HIVE TAX
WEAPON,NOODWHIP
BANDIT,SLUGLORDZ
SIZE,7
VICTIM,C1WCLAN X
CRIME,SANDSWIPE
TIME,MIDDAYY2
PLACE,4NXDEZQ
MOTIVE,S8NDFEUD
WEAPON,GLOOPRAY
BANDIT,JOKERZJOX
SIZE,7
VICTIM,BEE BROZ1
CRIME,NAPUNAXQB
TIME,DUSKRUN0K
PLACE,GALAGATE
MOTIVE,SALTTHST
WEAPON,BUBBLADE
BANDIT,CRAB DUDZ
SIZE,0
VICTIM,DUCK D5VZ
CRIME,CHEESEGRBK
TIME,CLDCLOCKY
PLACE,PLUTYARD0
MOTIVE,TI9EGAIN
WEAPON,LEAFLNC
BANDIT,SLUGLORDZ
SIZE,3
VICTIM,DUCK D5VZ
CRIME,BARK X BG
TIME,MIDDAYY2
PLACE,MARSDUNE
MOTIVE,SALTTHST
WEAPON,ICEBOMBQ
BANDIT,QUEENQQ
SIZE,2
VICTIM,A2TXARMY
CRIME,EGGJSNCH3
TIME,SHADE SHF
PLACE,PLUTYARD0
MOTIVE,FUN FUND
WEAPON,NOODWHIP
BANDIT,YAKXKIDX
SIZE,4
VICTIM,QUA6L Q
CRIME,JOKEROB7
TIME,MOONHOUR
PLACE,NOVANEST
MOTIVE,RAGEWHY
WEAPON,MUQMISS0
BANDIT,MUNKMANZ
SIZE,3
VICTIM,FOXFORCE1
CRIME,JOKEROB7
TIME,DAWNTIME
PLACE,LUNARPIT3
MOTIVE,FO7MQEST
WEAPON,BANANAZ1
BANDIT,MOSSMNK
SIZE,7
VICTIM,CRAB2CREW
CRIME,NAPUNAXQB
TIME,COSMEVE4
PLACE,NOVANEST
MOTIVE,TI9EGAIN
WEAPON,STAKLNGJV
BANDIT,DUCKUVON6
SIZE,6
VICTIM,C1WCLAN X
CRIME,NAPUNAXQB
TIME,MIDDAYY2
PLACE,ION CORE84
MOTIVE,STARDUTY
WEAPON,MEGAMOP
BANDIT,FROGKNG
SIZE,0
VICTIM,8LUG 9QUAD
CRIME,SOUPSTL
TIME,MOONHOUR
PLACE,COMETCLF
MOTIVE,SNCKNEED
WEAPON,SNDSABER
BANDIT,BEARBARD
SIZE,5
VICTIM,F3OG FAM3
CRIME,BARK X BG
TIME,COSMEVE4
PLACE,PACIFIC
MOTIVE,RAGEWHY
WEAPON,FOAMGUN
BANDIT,MOSSMNK
SIZE,4
VICTIM,C1WCLAN X
CRIME,HAT HUVL
TIME,SHADE SHF
PLACE,LUNARPIT3
MOTIVE,HIVE TAX
WEAPON,NOODWHIP
BANDIT,OWLBXXNDT
SIZE,3
VICTIM,JAG7ARJOE
CRIME,CHEESEGRBK
TIME,MOONHOUR
PLACE,LUNARPIT3
MOTIVE,BR6WQEST
WEAPON,WNDWAND
BANDIT,YAKXKIDX
SIZE,4
VICTIM,JAG7ARJOE
CRIME,BUBTHEFT
TIME,WNDWATCH
PLACE,ATOMTOWN
MOTIVE,HIVE TAX
WEAPON,CHEEAXE
BANDIT,BEARBARD
SIZE,9
VICTIM,DUCK D5VZ
CRIME,STARZWIP
TIME,DAWNTIME
PLACE,FOREST
MOTIVE,FO7MQEST
WEAPON,CHEEAXE
BANDIT,ANTKNIT0
SIZE,0
VICTIM,F3OG FAM3
CRIME,BUBTHEFT
TIME,NIGHTRUN
PLACE,MARSDUNE
MOTIVE,CLDRNT
WEAPON,STAKLNGJV
BANDIT,SLIMEBOTK
SIZE,6
VICTIM,JAG7ARJOE
CRIME,MUD MI9CH
TIME,TIDETURN
PLACE,LUNARPIT3
MOTIVE,BR6WQEST
WEAPON,STAKLNGJV
BANDIT,SLIMEBOTK
SIZE,0
VICTIM,A2TXARMY
CRIME,CHEESEGRBK
TIME,SHADE SHF
PLACE,MARSDUNE
MOTIVE,HIVE TAX
WEAPON,MUQMISS0
BANDIT,DUCKUVON6
SIZE,0
VICTIM,JAG7ARJOE
CRIME,JOKEROB7
TIME,MIDDAYY2
PLACE,DEEPPIT X0
MOTIVE,HIVE TAX
WEAPON,STAKLNGJV
BANDIT,FROGKNG
SIZE,2
VICTIM,A2TXARMY
CRIME,POLL8ST
TIME,SUNRISEZ
PLACE,NOVANEST
MOTIVE,BR6WQEST
WEAPON,NOODWHIP
BANDIT,JOKERZJOX
SIZE,3
VICTIM,QUA6L Q
CRIME,MUD MI9CH
TIME,DAWNTIME
PLACE,MARSDUNE
MOTIVE,FUN FUND
WEAPON,NOODWHIP
BANDIT,BEARBARD
SIZE,5
VICTIM,QUA6L Q
CRIME,LEAYLIFT
TIME,CLDCLOCKY
PLACE,MARSDUNE
MOTIVE,FO7MQEST
WEAPON,LEAFLNC
BANDIT,FROGKNG
SIZE,9
VICTIM,R4TPACKX
CRIME,CLDCRIME
TIME,DUSKRUN0K
PLACE,COMETCLF
MOTIVE,S8NDFEUD
WEAPON,WNDWAND
BANDIT,BUNYBRV2
SIZE,9
VICTIM,BA6 CREW
CRIME,BONKBONK1
TIME,WNDWATCH
PLACE,ION CORE84
MOTIVE,STARDUTY
WEAPON,CHEEAXE
BANDIT,BUNYBRV2
SIZE,3
VICTIM,MOS7 MOB
CRIME,JOKEROB7
TIME,NIGHTRUN
PLACE,ION CORE84
MOTIVE,BUBGOAL
WEAPON,CHEEAXE
BANDIT,ANTKNIT0
SIZE,7
VICTIM,JAG7ARJOE
CRIME,EGGJSNCH3
TIME,STAR TIME
PLACE,ATOMTOWN
MOTIVE,SALTTHST
WEAPON,WNDWAND
BANDIT,GOATGAL JK
SIZE,8
VICTIM,DUCK D5VZ
CRIME,STARZWIP
TIME,STAR TIME
PLACE,ATOMTOWN
MOTIVE,TURFPRID
WEAPON,FOAMGUN
BANDIT,SLIMEBOTK
SIZE,4
VICTIM,OWL 3ANG
CRIME,STARZWIP
TIME,TIDETURN
PLACE,MARSDUNE
MOTIVE,BR6WQEST
WEAPON,NOODWHIP
BANDIT,OWLBXXNDT
SIZE,4
VICTIM,FOXFORCE1
CRIME,POLL8ST
TIME,DAWNTIME
PLACE,FOREST
MOTIVE,HIVE TAX
WEAPON,GLOOPRAY
BANDIT,SLUGLORDZ
SIZE,2
VICTIM,M1DCREW2
CRIME,POLL8ST
TIME,STAR TIME
PLACE,ATOMTOWN
MOTIVE,SNCKNEED
WEAPON,GLOOPRAY
BANDIT,YAKXKIDX
SIZE,7
VICTIM,JAG7ARJOE
CRIME,LEAYLIFT
TIME,NOONRUSH0
PLACE,FOREST
MOTIVE,MOONDEBT
WEAPON,GLOOPRAY
BANDIT,SLIMEBOTK
SIZE,9
VICTIM,GO5T G5NG
CRIME,CHEESEGRBK
TIME,SOLRSNAP
PLACE,4NXDEZQ
MOTIVE,BR6WQEST
WEAPON,MUQMISS0
BANDIT,BUNYBRV2
SIZE,3
VICTIM,BA6 CREW
CRIME,LEAYLIFT
TIME,SUNRISEZ
PLACE,DEEPPIT X0
MOTIVE,TI9EGAIN
WEAPON,CLDHAMR0
BANDIT,MOSSMNK
SIZE,6
VICTIM,OWL 3ANG
CRIME,SANDSWIPE
TIME,SOLRSNAP
PLACE,ATOMTOWN
MOTIVE,TURFPRID
WEAPON,SPDSTICK
BANDIT,DUCKUVON6
SIZE,4
VICTIM,OWL 3ANG
CRIME,POLL8ST
TIME,SUNRISEZ
PLACE,J5PITER
MOTIVE,STARDUTY
WEAPON,GLOOPRAY
BANDIT,BUNYBRV2
SIZE,2
VICTIM,F3OG FAM3
CRIME,SANDSWIPE
TIME,CLDCLOCKY
PLACE,GALAGATE
MOTIVE,RAGEWHY
WEAPON,GLOOPRAY
BANDIT,BUNYBRV2
SIZE,4
VICTIM,A2TXARMY
CRIME,BONKBONK1
TIME,SUNRISEZ
PLACE,DEEPPIT X0
MOTIVE,FUN FUND
WEAPON,FOAMGUN
BANDIT,BEARBARD
SIZE,6
VICTIM,DUCK D5VZ
CRIME,EGGJSNCH3
TIME,DUSKRUN0K
PLACE,NOVANEST
MOTIVE,SNCKNEED
WEAPON,GLOOPRAY
BANDIT,YAKXKIDX
SIZE,6
VICTIM,8LUG 9QUAD
CRIME,CLDCRIME
TIME,STAR TIME
PLACE,COMETCLF
MOTIVE,BR6WQEST
WEAPON,GLOOPRAY
BANDIT,JOKERZJOX
SIZE,7
VICTIM,CRAB2CREW
CRIME,CLDCRIME
TIME,DUSKRUN0K
PLACE,COMETCLF
MOTIVE,SALTTHST
WEAPON,BUBBLADE
BANDIT,BEARBARD
SIZE,1
VICTIM,JAG7ARJOE
CRIME,MUD MI9CH
TIME,CLDCLOCKY
PLACE,DEEPPIT X0
MOTIVE,RAGEWHY
WEAPON,LEAFLNC
BANDIT,QUEENQQ
SIZE,0
VICTIM,8LUG 9QUAD
CRIME,LEAYLIFT
TIME,CLDCLOCKY
PLACE,LUNARPIT3
MOTIVE,TI9EGAIN
WEAPON,BUBBLADE
BANDIT,RATRGUE3
SIZE,4
VICTIM,F3OG FAM3
CRIME,POLL8ST
TIME,NIGHTRUN
PLACE,GALAGATE
MOTIVE,CHEELUST
WEAPON,BUBBLADE
BANDIT,RATRGUE3
SIZE,8
VICTIM,GO5T G5NG
CRIME,POLL8ST
TIME,NOONRUSH0
PLACE,PLUTYARD0
MOTIVE,STARDUTY
WEAPON,MUQMISS0
BANDIT,QUEENQQ
SIZE,5
VICTIM,OWL 3ANG
CRIME,STARZWIP
TIME,COSMEVE4
PLACE,COMETCLF
MOTIVE,TI9EGAIN
WEAPON,BANANAZ1
BANDIT,DUCKUVON6
SIZE,7
VICTIM,R4TPACKX
CRIME,BONKBONK1
TIME,COSMEVE4
PLACE,ION CORE84
MOTIVE,BUBGOAL
WEAPON,MUQMISS0
BANDIT,ANTKNIT0
SIZE,8
VICTIM,GO5T G5NG
CRIME,CHEESEGRBK
TIME,DAWNTIME
PLACE,MARSDUNE
MOTIVE,SNCKNEED
WEAPON,CHEEAXE
BANDIT,CRAB DUDZ
SIZE,2
VICTIM,CRAB2CREW
CRIME,CHEESEGRBK
TIME,DUSKRUN0K
PLACE,EVER3ST
MOTIVE,RAGEWHY
WEAPON,ICEBOMBQ
BANDIT,SLIMEBOTK
SIZE,0
VICTIM,8LUG 9QUAD
CRIME,STARZWIP
TIME,SUNRISEZ
PLACE,SPACE 99
MOTIVE,CLDRNT
WEAPON,ICEBOMBQ
BANDIT,YAKXKIDX
SIZE,3
VICTIM,CRAB2CREW
CRIME,EGGJSNCH3
TIME,DAWNTIME
PLACE,SAHARA5
MOTIVE,FO7MQEST
WEAPON,LEAFLNC
BANDIT,FOXXX AQD
SIZE,5
VICTIM,QUA6L Q
CRIME,JOKEROB7
TIME,NIGHTRUN
PLACE,PACIFIC
MOTIVE,RAGEWHY
WEAPON,LEAFLNC
BANDIT,ANTKNIT0
SIZE,9
VICTIM,M1DCREW2
CRIME,CHEESEGRBK
TIME,CLDCLOCKY
PLACE,PLUTYARD0
MOTIVE,RAGEWHY
WEAPON,BUBBLADE
BANDIT,BEARBARD
SIZE,3
VICTIM,BEE BROZ1
CRIME,BONKBONK1
TIME,EARTHHR6
PLACE,ATOMTOWN
MOTIVE,BUBGOAL
WEAPON,ICEBOMBQ
BANDIT,DUCKUVON6
SIZE,6
VICTIM,DUCK D5VZ
CRIME,LEAYLIFT
TIME,COSMEVE4
PLACE,4NXDEZQ
MOTIVE,MOONDEBT
WEAPON,STAKLNGJV
BANDIT,JOKERZJOX
SIZE,1
VICTIM,A2TXARMY
CRIME,BUBTHEFT
TIME,NIGHTRUN
PLACE,GALAGATE
MOTIVE,MOONDEBT
WEAPON,LEAFLNC
BANDIT,BEARBARD
SIZE,0
VICTIM,BA6 CREW
CRIME,NAPUNAXQB
TIME,EARTHHR6
PLACE,PLUTYARD0
MOTIVE,MOONDEBT
WEAPON,MUQMISS0
BANDIT,SLIMEBOTK
SIZE,0
VICTIM,GO5T G5NG
CRIME,SANDSWIPE
TIME,SUNRISEZ
PLACE,SPACE 99
MOTIVE,BR6WQEST
WEAPON,FOAMGUN
BANDIT,JOKERZJOX
SIZE,6
VICTIM,F3OG FAM3
CRIME,BARK X BG
TIME,SHADE SHF
PLACE,COMETCLF
MOTIVE,FO7MQEST
WEAPON,LEAFLNC
BANDIT,OWLBXXNDT
SIZE,0
VICTIM,QUA6L Q
CRIME,BUBTHEFT
TIME,EARTHHR6
PLACE,COMETCLF
MOTIVE,SALTTHST
WEAPON,MUQMISS0
BANDIT,SLUGLORDZ
SIZE,0
VICTIM,MOS7 MOB
CRIME,POLL8ST
TIME,MIDDAYY2
PLACE,SAHARA5
MOTIVE,STARDUTY
WEAPON,GLOOPRAY
BANDIT,BEARBARD
SIZE,9
VICTIM,JAG7ARJOE
CRIME,BARK X BG
TIME,SHADE SHF
PLACE,SPACE 99
MOTIVE,FO7MQEST
WEAPON,STAKLNGJV
BANDIT,YAKXKIDX
SIZE,0
VICTIM,CRAB2CREW
CRIME,NAPUNAXQB
TIME,MIDDAYY2
PLACE,DEEPPIT X0
MOTIVE,BR6WQEST
WEAPON,MEGAMOP
BANDIT,OWLBXXNDT
SIZE,4
VICTIM,GO5T G5NG
CRIME,SOUPSTL
TIME,SOLRSNAP
PLACE,PLUTYARD0
MOTIVE,BUBGOAL
WEAPON,CLDHAMR0
BANDIT,BEARBARD
SIZE,2
VICTIM,C1WCLAN X
CRIME,STARZWIP
TIME,DUSKRUN0K
PLACE,LUNARPIT3
MOTIVE,CHEELUST
WEAPON,GLOOPRAY
BANDIT,BUNYBRV2
SIZE,6
VICTIM,BEE BROZ1
CRIME,NAPUNAXQB
TIME,WNDWATCH
PLACE,PLUTYARD0
MOTIVE,CHEELUST
WEAPON,STAKLNGJV
BANDIT,BEARBARD
SIZE,7
VICTIM,BEE BROZ1
CRIME,EGGJSNCH3
TIME,STAR TIME
PLACE,PACIFIC
MOTIVE,HIVE TAX
WEAPON,SNDSABER
BANDIT,GOATGAL JK
SIZE,8
VICTIM,M1DCREW2
CRIME,JOKEROB7
TIME,SOLRSNAP
PLACE,COMETCLF
MOTIVE,FO7MQEST
WEAPON,WNDWAND
BANDIT,ANTKNIT0
SIZE,0
VICTIM,WORM C4EW
CRIME,BARK X BG
TIME,SHADE SHF
PLACE,4NXDEZQ
MOTIVE,CLDRNT
WEAPON,BANANAZ1
BANDIT,YAKXKIDX
SIZE,3
VICTIM,BA6 CREW
CRIME,NAPUNAXQB
TIME,COSMEVE4
PLACE,ION CORE84
MOTIVE,BR6WQEST
WEAPON,FOAMGUN
BANDIT,YAKXKIDX
SIZE,6
VICTIM,DUCK D5VZ
CRIME,CLDCRIME
TIME,WNDWATCH
PLACE,J5PITER
MOTIVE,BUBGOAL
WEAPON,SNDSABER
BANDIT,BUNYBRV2
SIZE,0
VICTIM,C1WCLAN X
CRIME,EGGJSNCH3
TIME,DUSKRUN0K
PLACE,GALAGATE
MOTIVE,CHEELUST
WEAPON,ICEBOMBQ
BANDIT,BEARBARD
SIZE,5
VICTIM,DUCK D5VZ
CRIME,CLDCRIME
TIME,CLDCLOCKY
PLACE,MARSDUNE
MOTIVE,RAGEWHY
WEAPON,SNDSABER
BANDIT,FROGKNG
SIZE,2
VICTIM,F3OG FAM3
CRIME,BONKBONK1
TIME,SHADE SHF
PLACE,4NXDEZQ
MOTIVE,SALTTHST
WEAPON,CLDHAMR0
BANDIT,SLUGLORDZ
SIZE,6
VICTIM,BEE BROZ1
CRIME,LEAYLIFT
TIME,TIDETURN
PLACE,PLUTYARD0
MOTIVE,BUBGOAL
WEAPON,GLOOPRAY
BANDIT,OWLBXXNDT
SIZE,2
VICTIM,A2TXARMY
CRIME,NAPUNAXQB
TIME,DAWNTIME
PLACE,MARSDUNE
MOTIVE,STARDUTY
WEAPON,STAKLNGJV
BANDIT,DUCKUVON6
SIZE,5
VICTIM,CRAB2CREW
CRIME,JOKEROB7
TIME,SUNRISEZ
PLACE,ION CORE84
MOTIVE,CLDRNT
WEAPON,BUBBLADE
BANDIT,YAKXKIDX
SIZE,8
VICTIM,JAG7ARJOE
CRIME,JOKEROB7
TIME,SUNRISEZ
PLACE,SPACE 99
MOTIVE,CLDRNT
WEAPON,NOODWHIP
BANDIT,JOKERZJOX
SIZE,1
VICTIM,C1WCLAN X
CRIME,SOUPSTL
TIME,DUSKRUN0K
PLACE,PLUTYARD0
MOTIVE,TURFPRID
WEAPON,BANANAZ1
BANDIT,SLIMEBOTK
SIZE,0
VICTIM,JAG7ARJOE
CRIME,JOKEROB7
TIME,CLDCLOCKY
PLACE,NOVANEST
MOTIVE,SALTTHST
WEAPON,MEGAMOP
BANDIT,MOSSMNK
SIZE,8
VICTIM,A2TXARMY
CRIME,POLL8ST
TIME,SOLRSNAP
PLACE,LUNARPIT3
MOTIVE,FUN FUND
WEAPON,CLDHAMR0
BANDIT,ANTKNIT0
SIZE,5
VICTIM,QUA6L Q
CRIME,SANDSWIPE
TIME,NIGHTRUN
PLACE,4NXDEZQ
MOTIVE,TI9EGAIN
WEAPON,CLDHAMR0
BANDIT,CRAB DUDZ
SIZE,5
VICTIM,M1DCREW2
CRIME,CLDCRIME
TIME,SHADE SHF
PLACE,LUNARPIT3
MOTIVE,CHEELUST
WEAPON,FOAMGUN
BANDIT,JOKERZJOX
SIZE,2
VICTIM,8LUG 9QUAD
CRIME,BUBTHEFT
TIME,SOLRSNAP
PLACE,ION CORE84
MOTIVE,S8NDFEUD
WEAPON,WNDWAND
BANDIT,FROGKNG
SIZE,7
VICTIM,F3OG FAM3
CRIME,JOKEROB7
TIME,SHADE SHF
PLACE,DEEPPIT X0
MOTIVE,BR6WQEST
WEAPON,MEGAMOP
BANDIT,BUNYBRV2
SIZE,3
VICTIM,FOXFORCE1
CRIME,CHEESEGRBK
TIME,MOONHOUR
PLACE,ATOMTOWN
MOTIVE,TURFPRID
WEAPON,SPDSTICK
BANDIT,BEARBARD
SIZE,4
VICTIM,BA6 CREW
CRIME,SOUPSTL
TIME,DAWNTIME
PLACE,EVER3ST
MOTIVE,S8NDFEUD
WEAPON,SNDSABER
BANDIT,YAKXKIDX
SIZE,4
VICTIM,M1DCREW2
CRIME,CHEESEGRBK
TIME,SHADE SHF
PLACE,EVER3ST
MOTIVE,MOONDEBT
WEAPON,MEGAMOP
BANDIT,SLIMEBOTK
SIZE,6
VICTIM,CRAB2CREW
CRIME,MUD MI9CH
TIME,SUNRISEZ
PLACE,GALAGATE
MOTIVE,MOONDEBT
WEAPON,BUBBLADE
BANDIT,BEARBARD
SIZE,8
VICTIM,OWL 3ANG
CRIME,SANDSWIPE
TIME,CLDCLOCKY
PLACE,ATOMTOWN
MOTIVE,S8NDFEUD
WEAPON,BUBBLADE
BANDIT,SLIMEBOTK
SIZE,6
VICTIM,CRAB2CREW
CRIME,CHEESEGRBK
TIME,SUNRISEZ
PLACE,COMETCLF
MOTIVE,FO7MQEST
WEAPON,MUQMISS0
BANDIT,CRAB DUDZ
SIZE,8
VICTIM,F3OG FAM3
CRIME,POLL8ST
TIME,NIGHTRUN
PLACE,SPACE 99
MOTIVE,MOONDEBT
WEAPON,BUBBLADE
BANDIT,BEARBARD
SIZE,4
VICTIM,DUCK D5VZ
CRIME,HAT HUVL
TIME,DUSKRUN0K
PLACE,LUNARPIT3
MOTIVE,BR6WQEST
WEAPON,WNDWAND
BANDIT,BEARBARD
SIZE,7
VICTIM,CRAB2CREW
CRIME,EGGJSNCH3
TIME,MIDDAYY2
PLACE,GALAGATE
MOTIVE,BR6WQEST
WEAPON,LEAFLNC
BANDIT,MUNKMANZ
SIZE,3
VICTIM,8LUG 9QUAD
CRIME,BARK X BG
TIME,MOONHOUR
PLACE,4NXDEZQ
MOTIVE,MOONDEBT
WEAPON,WNDWAND
BANDIT,MUNKMANZ
SIZE,9
VICTIM,R4TPACKX
CRIME,MUD MI9CH
TIME,TIDETURN
PLACE,J5PITER
MOTIVE,MOONDEBT
WEAPON,GLOOPRAY
BANDIT,BUNYBRV2
SIZE,5
VICTIM,MOS7 MOB
CRIME,CHEESEGRBK
TIME,DAWNTIME
PLACE,J5PITER
MOTIVE,RAGEWHY
WEAPON,SNDSABER
BANDIT,OWLBXXNDT
SIZE,6
VICTIM,M1DCREW2
CRIME,BUBTHEFT
TIME,MIDDAYY2
PLACE,MARSDUNE
MOTIVE,CHEELUST
WEAPON,BANANAZ1
BANDIT,CRAB DUDZ
SIZE,8
VICTIM,FOXFORCE1
CRIME,MUD MI9CH
TIME,SOLRSNAP
PLACE,SPACE 99
MOTIVE,FO7MQEST
WEAPON,BANANAZ1
BANDIT,BEARBARD
SIZE,5
VICTIM,BEE BROZ1
CRIME,MUD MI9CH
TIME,NIGHTRUN
PLACE,LUNARPIT3
MOTIVE,TURFPRID
WEAPON,LEAFLNC
BANDIT,FOXXX AQD
SIZE,8
VICTIM,BEE BROZ1
CRIME,SOUPSTL
TIME,NOONRUSH0
PLACE,PACIFIC
MOTIVE,CLDRNT
WEAPON,MUQMISS0
BANDIT,ANTKNIT0
SIZE,6
VICTIM,C1WCLAN X
CRIME,MUD MI9CH
TIME,CLDCLOCKY
PLACE,SAHARA5
MOTIVE,BR6WQEST
WEAPON,CHEEAXE
BANDIT,MOSSMNK
SIZE,9
VICTIM,FOXFORCE1
CRIME,CHEESEGRBK
TIME,MIDDAYY2
PLACE,PACIFIC
MOTIVE,CLDRNT
WEAPON,WNDWAND
BANDIT,GOATGAL JK
SIZE,8
VICTIM,BEE BROZ1
CRIME,JOKEROB7
TIME,EARTHHR6
PLACE,SPACE 99
MOTIVE,BUBGOAL
WEAPON,BANANAZ1
BANDIT,SLUGLORDZ
SIZE,0
VICTIM,MOS7 MOB
CRIME,HAT HUVL
TIME,SHADE SHF
PLACE,DEEPPIT X0
MOTIVE,FUN FUND
WEAPON,BUBBLADE
BANDIT,JOKERZJOX
SIZE,4
VICTIM,GO5T G5NG
CRIME,BONKBONK1
TIME,EARTHHR6
PLACE,MARSDUNE
MOTIVE,MOONDEBT
WEAPON,SNDSABER
BANDIT,YAKXKIDX
SIZE,8
VICTIM,WORM C4EW
CRIME,STARZWIP
TIME,EARTHHR6
PLACE,COMETCLF
MOTIVE,TURFPRID
WEAPON,BUBBLADE
BANDIT,SLIMEBOTK
SIZE,3
VICTIM,BA6 CREW
CRIME,EGGJSNCH3
TIME,STAR TIME
PLACE,PACIFIC
MOTIVE,SALTTHST
WEAPON,LEAFLNC
BANDIT,OWLBXXNDT
SIZE,3
VICTIM,GO5T G5NG
CRIME,BARK X BG
TIME,TIDETURN
PLACE,LUNARPIT3
MOTIVE,SNCKNEED
WEAPON,BUBBLADE
BANDIT,OWLBXXNDT
SIZE,6
VICTIM,BA6 CREW
CRIME,NAPUNAXQB
TIME,SUNRISEZ
PLACE,FOREST
MOTIVE,RAGEWHY
WEAPON,GLOOPRAY
BANDIT,JOKERZJOX
SIZE,2
VICTIM,GO5T G5NG
CRIME,POLL8ST
TIME,SUNRISEZ
PLACE,EVER3ST
MOTIVE,SNCKNEED
WEAPON,WNDWAND
BANDIT,BEARBARD
SIZE,8
VICTIM,FOXFORCE1
CRIME,CHEESEGRBK
TIME,NIGHTRUN
PLACE,SPACE 99
MOTIVE,BUBGOAL
WEAPON,ICEBOMBQ
BANDIT,ANTKNIT0
SIZE,2
VICTIM,A2TXARMY
CRIME,SOUPSTL
TIME,COSMEVE4
PLACE,ION CORE84
MOTIVE,SNCKNEED
WEAPON,CHEEAXE
BANDIT,SLUGLORDZ
SIZE,7
VICTIM,C1WCLAN X
CRIME,POLL8ST
TIME,NOONRUSH0
PLACE,ION CORE84
MOTIVE,CLDRNT
WEAPON,WNDWAND
BANDIT,YAKXKIDX
SIZE,8
VICTIM,F3OG FAM3
CRIME,MUD MI9CH
TIME,SHADE SHF
PLACE,LUNARPIT3
MOTIVE,TURFPRID
WEAPON,SNDSABER
BANDIT,YAKXKIDX
SIZE,1
VICTIM,MOS7 MOB
CRIME,SANDSWIPE
TIME,STAR TIME
PLACE,ATOMTOWN
MOTIVE,FUN FUND
WEAPON,SNDSABER
BANDIT,MOSSMNK
SIZE,1
VICTIM,DUCK D5VZ
CRIME,MUD MI9CH
TIME,SOLRSNAP
PLACE,LUNARPIT3
MOTIVE,TI9EGAIN
WEAPON,GLOOPRAY
BANDIT,DUCKUVON6
SIZE,6
VICTIM,DUCK D5VZ
CRIME,EGGJSNCH3
TIME,DUSKRUN0K
PLACE,MARSDUNE
MOTIVE,TI9EGAIN
WEAPON,MEGAMOP
BANDIT,SLUGLORDZ
SIZE,2
VICTIM,FOXFORCE1
CRIME,BUBTHEFT
TIME,EARTHHR6
PLACE,J5PITER
MOTIVE,TURFPRID
WEAPON,BUBBLADE
BANDIT,BUNYBRV2
SIZE,5
VICTIM,DUCK D5VZ
CRIME,MUD MI9CH
TIME,DAWNTIME
PLACE,LUNARPIT3
MOTIVE,STARDUTY
WEAPON,CHEEAXE
BANDIT,SLIMEBOTK
SIZE,8
VICTIM,GO5T G5NG
CRIME,CHEESEGRBK
TIME,CLDCLOCKY
PLACE,ION CORE84
MOTIVE,FO7MQEST
WEAPON,MEGAMOP
BANDIT,SLUGLORDZ
SIZE,0
VICTIM,C1WCLAN X
CRIME,EGGJSNCH3
TIME,STAR TIME
PLACE,ION CORE84
MOTIVE,BR6WQEST
WEAPON,SNDSABER
BANDIT,DUCKUVON6
SIZE,0
VICTIM,JAG7ARJOE
CRIME,STARZWIP
TIME,EARTHHR6
PLACE,EVER3ST
MOTIVE,SNCKNEED
WEAPON,BANANAZ1
BANDIT,ANTKNIT0
SIZE,2
VICTIM,F3OG FAM3
CRIME,BUBTHEFT
TIME,DAWNTIME
PLACE,NOVANEST
MOTIVE,STARDUTY
WEAPON,ICEBOMBQ
BANDIT,SLIMEBOTK
SIZE,5
VICTIM,CRAB2CREW
CRIME,SANDSWIPE
TIME,SUNRISEZ
PLACE,NOVANEST
MOTIVE,STARDUTY
WEAPON,CLDHAMR0
BANDIT,FROGKNG
SIZE,8
VICTIM,FOXFORCE1
CRIME,SOUPSTL
TIME,MOONHOUR
PLACE,EVER3ST
MOTIVE,CHEELUST
WEAPON,CLDHAMR0
BANDIT,MOSSMNK
SIZE,0
VICTIM,GO5T G5NG
CRIME,EGGJSNCH3
TIME,SOLRSNAP
PLACE,DEEPPIT X0
MOTIVE,BUBGOAL
WEAPON,CHEEAXE
BANDIT,BEARBARD
SIZE,5
VICTIM,BA6 CREW
CRIME,LEAYLIFT
TIME,CLDCLOCKY
PLACE,FOREST
MOTIVE,FUN FUND
WEAPON,FOAMGUN
BANDIT,JOKERZJOX
SIZE,2
VICTIM,DUCK D5VZ
CRIME,JOKEROB7
TIME,DAWNTIME
PLACE,GALAGATE
MOTIVE,TI9EGAIN
WEAPON,ICEBOMBQ
BANDIT,YAKXKIDX
SIZE,6
VICTIM,8LUG 9QUAD
CRIME,CHEESEGRBK
TIME,DUSKRUN0K
PLACE,SPACE 99
MOTIVE,FO7MQEST
WEAPON,SPDSTICK
BANDIT,BUNYBRV2
SIZE,9
VICTIM,OWL 3ANG
CRIME,CHEESEGRBK
TIME,DAWNTIME
PLACE,NOVANEST
MOTIVE,FO7MQEST
WEAPON,LEAFLNC
BANDIT,BEARBARD
SIZE,5
VICTIM,M1DCREW2
CRIME,BUBTHEFT
TIME,EARTHHR6
PLACE,DEEPPIT X0
MOTIVE,BUBGOAL
WEAPON,ICEBOMBQ
BANDIT,GOATGAL JK
SIZE,0
VICTIM,QUA6L Q
CRIME,BUBTHEFT
TIME,DAWNTIME
PLACE,PLUTYARD0
MOTIVE,SALTTHST
WEAPON,MUQMISS0
BANDIT,DUCKUVON6
SIZE,9
VICTIM,C1WCLAN X
CRIME,POLL8ST
TIME,SHADE SHF
PLACE,LUNARPIT3
MOTIVE,SNCKNEED
WEAPON,STAKLNGJV
BANDIT,QUEENQQ
SIZE,3
VICTIM,A2TXARMY
CRIME,CLDCRIME
TIME,EARTHHR6
PLACE,FOREST
MOTIVE,CHEELUST
WEAPON,GLOOPRAY
BANDIT,FROGKNG
SIZE,6
VICTIM,CRAB2CREW
CRIME,BONKBONK1
TIME,NOONRUSH0
PLACE,GALAGATE
MOTIVE,TURFPRID
WEAPON,MEGAMOP
BANDIT,ANTKNIT0
SIZE,9
VICTIM,OWL 3ANG
CRIME,JOKEROB7
TIME,COSMEVE4
PLACE,SAHARA5
MOTIVE,CLDRNT
WEAPON,GLOOPRAY
BANDIT,RATRGUE3
SIZE,3
VICTIM,R4TPACKX
CRIME,BUBTHEFT
TIME,NIGHTRUN
PLACE,PACIFIC
MOTIVE,CLDRNT
WEAPON,FOAMGUN
BANDIT,DUCKUVON6
SIZE,5
VICTIM,C1WCLAN X
CRIME,LEAYLIFT
TIME,COSMEVE4
PLACE,ION CORE84
MOTIVE,SALTTHST
WEAPON,CLDHAMR0
BANDIT,CRAB DUDZ
SIZE,4
VICTIM,BA6 CREW
CRIME,NAPUNAXQB
TIME,SOLRSNAP
PLACE,FOREST
MOTIVE,HIVE TAX
WEAPON,LEAFLNC
BANDIT,FOXXX AQD
SIZE,4
VICTIM,CRAB2CREW
CRIME,BONKBONK1
TIME,CLDCLOCKY
PLACE,J5PITER
MOTIVE,MOONDEBT
WEAPON,STAKLNGJV
BANDIT,QUEENQQ
SIZE,1
VICTIM,BA6 CREW
CRIME,SOUPSTL
TIME,COSMEVE4
PLACE,4NXDEZQ
MOTIVE,CHEELUST
WEAPON,FOAMGUN
BANDIT,MOSSMNK
SIZE,5
VICTIM,FOXFORCE1
CRIME,STARZWIP
TIME,MIDDAYY2
PLACE,GALAGATE
MOTIVE,MOONDEBT
WEAPON,FOAMGUN
BANDIT,SLIMEBOTK
SIZE,8
VICTIM,FOXFORCE1
CRIME,EGGJSNCH3
TIME,COSMEVE4
PLACE,GALAGATE
MOTIVE,SNCKNEED
WEAPON,MUQMISS0
BANDIT,DUCKUVON6
SIZE,7
VICTIM,OWL 3ANG
CRIME,LEAYLIFT
TIME,NOONRUSH0
PLACE,EVER3ST
MOTIVE,RAGEWHY
WEAPON,LEAFLNC
BANDIT,JOKERZJOX
SIZE,3
VICTIM,C1WCLAN X
CRIME,CLDCRIME
TIME,TIDETURN
PLACE,SAHARA5
MOTIVE,TI9EGAIN
WEAPON,SNDSABER
BANDIT,CRAB DUDZ
SIZE,0
VICTIM,DUCK D5VZ
CRIME,HAT HUVL
TIME,MOONHOUR
PLACE,4NXDEZQ
MOTIVE,BUBGOAL
WEAPON,GLOOPRAY
BANDIT,BUNYBRV2
SIZE,1
VICTIM,C1WCLAN X
CRIME,NAPUNAXQB
TIME,WNDWATCH
PLACE,COMETCLF
MOTIVE,STARDUTY
WEAPON,CHEEAXE
BANDIT,ANTKNIT0
SIZE,0
VICTIM,GO5T G5NG
CRIME,EGGJSNCH3
TIME,TIDETURN
PLACE,PACIFIC
MOTIVE,CHEELUST
WEAPON,WNDWAND
BANDIT,YAKXKIDX
SIZE,3
VICTIM,8LUG 9QUAD
CRIME,CHEESEGRBK
TIME,EARTHHR6
PLACE,SPACE 99
MOTIVE,HIVE TAX
WEAPON,FOAMGUN
BANDIT,SLIMEBOTK
SIZE,3
VICTIM,DUCK D5VZ
CRIME,HAT HUVL
TIME,DAWNTIME
PLACE,GALAGATE
MOTIVE,BR6WQEST
WEAPON,ICEBOMBQ
BANDIT,CRAB DUDZ
SIZE,2
VICTIM,C1WCLAN X
CRIME,NAPUNAXQB
TIME,EARTHHR6
PLACE,ION CORE84
MOTIVE,FO7MQEST
WEAPON,STAKLNGJV
BANDIT,SLUGLORDZ
SIZE,4
VICTIM,CRAB2CREW
CRIME,NAPUNAXQB
TIME,SUNRISEZ
PLACE,FOREST
MOTIVE,RAGEWHY
WEAPON,FOAMGUN
BANDIT,RATRGUE3
SIZE,7
VICTIM,JAG7ARJOE
CRIME,CLDCRIME
TIME,NOONRUSH0
PLACE,SPACE 99
MOTIVE,STARDUTY
WEAPON,SPDSTICK
BANDIT,FOXXX AQD
SIZE,8
VICTIM,DUCK D5VZ
CRIME,BUBTHEFT
TIME,SOLRSNAP
PLACE,DEEPPIT X0
MOTIVE,RAGEWHY
WEAPON,LEAFLNC
BANDIT,GOATGAL JK
SIZE,3
VICTIM,CRAB2CREW
CRIME,BARK X BG
TIME,DUSKRUN0K
PLACE,LUNARPIT3
MOTIVE,FO7MQEST
WEAPON,WNDWAND
BANDIT,CRAB DUDZ
SIZE,5
VICTIM,M1DCREW2
CRIME,EGGJSNCH3
TIME,SOLRSNAP
PLACE,FOREST
MOTIVE,TI9EGAIN
WEAPON,WNDWAND
BANDIT,SLUGLORDZ
SIZE,0
VICTIM,8LUG 9QUAD
CRIME,POLL8ST
TIME,NIGHTRUN
PLACE,LUNARPIT3
MOTIVE,CHEELUST
WEAPON,NOODWHIP
BANDIT,CRAB DUDZ
SIZE,3
VICTIM,BA6 CREW
CRIME,POLL8ST
TIME,COSMEVE4
PLACE,ION CORE84
MOTIVE,RAGEWHY
WEAPON,NOODWHIP
BANDIT,MOSSMNK
SIZE,9
VICTIM,MOS7 MOB
CRIME,BUBTHEFT
TIME,SHADE SHF
PLACE,4NXDEZQ
MOTIVE,SALTTHST
WEAPON,CLDHAMR0
BANDIT,CRAB DUDZ
SIZE,5
VICTIM,BA6 CREW
CRIME,SANDSWIPE
TIME,SUNRISEZ
PLACE,COMETCLF
MOTIVE,S8NDFEUD
WEAPON,CHEEAXE
BANDIT,RATRGUE3
SIZE,1
VICTIM,M1DCREW2
CRIME,MUD MI9CH
TIME,EARTHHR6
PLACE,NOVANEST
MOTIVE,FUN FUND
WEAPON,SNDSABER
BANDIT,CRAB DUDZ
SIZE,8
VICTIM,C1WCLAN X
CRIME,MUD MI9CH
TIME,MOONHOUR
PLACE,PACIFIC
MOTIVE,STARDUTY
WEAPON,ICEBOMBQ
BANDIT,BUNYBRV2
SIZE,9
VICTIM,C1WCLAN X
CRIME,NAPUNAXQB
TIME,NOONRUSH0
PLACE,4NXDEZQ
MOTIVE,SNCKNEED
WEAPON,STAKLNGJV
BANDIT,FOXXX AQD
SIZE,0
VICTIM,8LUG 9QUAD
CRIME,CLDCRIME
TIME,EARTHHR6
PLACE,EVER3ST
MOTIVE,MOONDEBT
WEAPON,GLOOPRAY
BANDIT,CRAB DUDZ
SIZE,5
VICTIM,WORM C4EW
CRIME,BUBTHEFT
TIME,EARTHHR6
PLACE,EVER3ST
MOTIVE,HIVE TAX
WEAPON,FOAMGUN
BANDIT,FROGKNG
SIZE,0
VICTIM,BA6 CREW
CRIME,SANDSWIPE
TIME,SHADE SHF
PLACE,EVER3ST
MOTIVE,CLDRNT
WEAPON,CHEEAXE
BANDIT,FROGKNG
SIZE,9
VICTIM,A2TXARMY
CRIME,SOUPSTL
TIME,CLDCLOCKY
PLACE,GALAGATE
MOTIVE,TI9EGAIN
WEAPON,CHEEAXE
BANDIT,ANTKNIT0
SIZE,1
VICTIM,CRAB2CREW
CRIME,SANDSWIPE
TIME,SUNRISEZ
PLACE,EVER3ST
MOTIVE,SNCKNEED
WEAPON,BUBBLADE
BANDIT,YAKXKIDX
SIZE,9
VICTIM,F3OG FAM3
CRIME,MUD MI9CH
TIME,WNDWATCH
PLACE,J5PITER
MOTIVE,CHEELUST
WEAPON,BUBBLADE
BANDIT,FROGKNG
SIZE,9
VICTIM,OWL 3ANG
CRIME,SANDSWIPE
TIME,CLDCLOCKY
PLACE,ION CORE84
MOTIVE,CHEELUST
WEAPON,BUBBLADE
BANDIT,ANTKNIT0
SIZE,1
VICTIM,MOS7 MOB
CRIME,CHEESEGRBK
TIME,MOONHOUR
PLACE,ION CORE84
MOTIVE,STARDUTY
WEAPON,NOODWHIP
BANDIT,QUEENQQ
SIZE,1
VICTIM,C1WCLAN X
CRIME,SANDSWIPE
TIME,SUNRISEZ
PLACE,EVER3ST
MOTIVE,STARDUTY
WEAPON,ICEBOMBQ
BANDIT,OWLBXXNDT
SIZE,7
VICTIM,DUCK D5VZ
CRIME,HAT HUVL
TIME,MIDDAYY2
PLACE,GALAGATE
MOTIVE,BR6WQEST
WEAPON,BUBBLADE
BANDIT,CRAB DUDZ
SIZE,3
VICTIM,BEE BROZ1
CRIME,BUBTHEFT
TIME,SHADE SHF
PLACE,J5PITER
MOTIVE,BUBGOAL
WEAPON,GLOOPRAY
BANDIT,BUNYBRV2
SIZE,3
VICTIM,BEE BROZ1
CRIME,SANDSWIPE
TIME,DUSKRUN0K
PLACE,SPACE 99
MOTIVE,CHEELUST
WEAPON,GLOOPRAY
BANDIT,YAKXKIDX
SIZE,3
VICTIM,8LUG 9QUAD
CRIME,NAPUNAXQB
TIME,NIGHTRUN
PLACE,SPACE 99
MOTIVE,RAGEWHY
WEAPON,LEAFLNC
BANDIT,BUNYBRV2
SIZE,4
VICTIM,8LUG 9QUAD
CRIME,LEAYLIFT
TIME,MIDDAYY2
PLACE,PACIFIC
MOTIVE,MOONDEBT
WEAPON,BANANAZ1
BANDIT,QUEENQQ
SIZE,2
VICTIM,BEE BROZ1
CRIME,CLDCRIME
TIME,MIDDAYY2
PLACE,MARSDUNE
MOTIVE,CLDRNT
WEAPON,SPDSTICK
BANDIT,FROGKNG
SIZE,9
VICTIM,8LUG 9QUAD
CRIME,SANDSWIPE
TIME,SHADE SHF
PLACE,GALAGATE
MOTIVE,CHEELUST
WEAPON,LEAFLNC
BANDIT,DUCKUVON6
SIZE,1
VICTIM,MOS7 MOB
CRIME,JOKEROB7
TIME,NIGHTRUN
PLACE,MARSDUNE
MOTIVE,S8NDFEUD
WEAPON,MUQMISS0
BANDIT,SLIMEBOTK
SIZE,3
VICTIM,M1DCREW2
CRIME,BONKBONK1
TIME,MIDDAYY2
PLACE,EVER3ST
MOTIVE,BR6WQEST
WEAPON,CLDHAMR0
BANDIT,GOATGAL JK
SIZE,9
VICTIM,WORM C4EW
CRIME,SANDSWIPE
TIME,TIDETURN
PLACE,J5PITER
MOTIVE,CHEELUST
WEAPON,LEAFLNC
BANDIT,RATRGUE3
SIZE,3
VICTIM,MOS7 MOB
CRIME,BUBTHEFT
TIME,SHADE SHF
PLACE,J5PITER
MOTIVE,MOONDEBT
WEAPON,FOAMGUN
BANDIT,JOKERZJOX
SIZE,3
VICTIM,F3OG FAM3
CRIME,SOUPSTL
TIME,COSMEVE4
PLACE,DEEPPIT X0
MOTIVE,HIVE TAX
WEAPON,FOAMGUN
BANDIT,MUNKMANZ
SIZE,3
VICTIM,QUA6L Q
CRIME,CLDCRIME
TIME,TIDETURN
PLACE,PACIFIC
MOTIVE,CLDRNT
WEAPON,WNDWAND
BANDIT,RATRGUE3
SIZE,1
VICTIM,A2TXARMY
CRIME,BUBTHEFT
TIME,DUSKRUN0K
PLACE,EVER3ST
MOTIVE,TI9EGAIN
WEAPON,CHEEAXE
BANDIT,MOSSMNK
SIZE,5
VICTIM,MOS7 MOB
CRIME,BONKBONK1
TIME,STAR TIME
PLACE,ION CORE84
MOTIVE,RAGEWHY
WEAPON,SPDSTICK
BANDIT,BEARBARD
SIZE,1
VICTIM,8LUG 9QUAD
CRIME,POLL8ST
TIME,DUSKRUN0K
PLACE,LUNARPIT3
MOTIVE,MOONDEBT
WEAPON,WNDWAND
BANDIT,CRAB DUDZ
SIZE,2
VICTIM,JAG7ARJOE
CRIME,CLDCRIME
TIME,DAWNTIME
PLACE,4NXDEZQ
MOTIVE,FUN FUND
WEAPON,LEAFLNC
BANDIT,QUEENQQ
SIZE,8
VICTIM,8LUG 9QUAD
CRIME,STARZWIP
TIME,TIDETURN
PLACE,PACIFIC
MOTIVE,RAGEWHY
WEAPON,SPDSTICK
BANDIT,OWLBXXNDT
SIZE,5
VICTIM,DUCK D5VZ
CRIME,JOKEROB7
TIME,TIDETURN
PLACE,PACIFIC
MOTIVE,MOONDEBT
WEAPON,SPDSTICK
BANDIT,SLIMEBOTK
SIZE,7
VICTIM,DUCK D5VZ
CRIME,CHEESEGRBK
TIME,NIGHTRUN
PLACE,EVER3ST
MOTIVE,S8NDFEUD
WEAPON,SPDSTICK
BANDIT,FOXXX AQD
SIZE,8
VICTIM,BA6 CREW
CRIME,SOUPSTL
TIME,SUNRISEZ
PLACE,NOVANEST
MOTIVE,BUBGOAL
WEAPON,STAKLNGJV
BANDIT,CRAB DUDZ
SIZE,6
VICTIM,FOXFORCE1
CRIME,SANDSWIPE
TIME,NIGHTRUN
PLACE,J5PITER
MOTIVE,TI9EGAIN
WEAPON,STAKLNGJV
BANDIT,FOXXX AQD
SIZE,8
VICTIM,BA6 CREW
CRIME,BONKBONK1
TIME,TIDETURN
PLACE,ION CORE84
MOTIVE,CLDRNT
WEAPON,SPDSTICK
BANDIT,DUCKUVON6
SIZE,7
VICTIM,R4TPACKX
CRIME,POLL8ST
TIME,MIDDAYY2
PLACE,ATOMTOWN
MOTIVE,RAGEWHY
WEAPON,BUBBLADE
BANDIT,FROGKNG
SIZE,6
VICTIM,CRAB2CREW
CRIME,SOUPSTL
TIME,COSMEVE4
PLACE,PLUTYARD0
MOTIVE,RAGEWHY
WEAPON,MEGAMOP
BANDIT,DUCKUVON6
SIZE,0
VICTIM,BA6 CREW
CRIME,JOKEROB7
TIME,EARTHHR6
PLACE,ATOMTOWN
MOTIVE,BUBGOAL
WEAPON,ICEBOMBQ
BANDIT,DUCKUVON6
SIZE,1
VICTIM,MOS7 MOB
CRIME,LEAYLIFT
TIME,CLDCLOCKY
PLACE,MARSDUNE
MOTIVE,SALTTHST
WEAPON,LEAFLNC
BANDIT,MOSSMNK
SIZE,1
VICTIM,QUA6L Q
CRIME,CHEESEGRBK
TIME,TIDETURN
PLACE,COMETCLF
MOTIVE,CHEELUST
WEAPON,ICEBOMBQ
BANDIT,BEARBARD
SIZE,6
VICTIM,JAG7ARJOE
CRIME,BARK X BG
TIME,NOONRUSH0
PLACE,ATOMTOWN
MOTIVE,BR6WQEST
WEAPON,BUBBLADE
BANDIT,FROGKNG
SIZE,0
VICTIM,MOS7 MOB
CRIME,CHEESEGRBK
TIME,MOONHOUR
PLACE,DEEPPIT X0
MOTIVE,CHEELUST
WEAPON,BUBBLADE
BANDIT,GOATGAL JK
SIZE,8
VICTIM,QUA6L Q
CRIME,STARZWIP
TIME,WNDWATCH
PLACE,LUNARPIT3
MOTIVE,FUN FUND
WEAPON,CLDHAMR0
BANDIT,DUCKUVON6
SIZE,7
VICTIM,BA6 CREW
CRIME,STARZWIP
TIME,TIDETURN
PLACE,PLUTYARD0
MOTIVE,S8NDFEUD
WEAPON,NOODWHIP
BANDIT,QUEENQQ
SIZE,5
VICTIM,MOS7 MOB
CRIME,BUBTHEFT
TIME,TIDETURN
PLACE,NOVANEST
MOTIVE,HIVE TAX
WEAPON,WNDWAND
BANDIT,SLUGLORDZ
SIZE,0
VICTIM,M1DCREW2
CRIME,LEAYLIFT
TIME,STAR TIME
PLACE,DEEPPIT X0
MOTIVE,SNCKNEED
WEAPON,MEGAMOP
BANDIT,ANTKNIT0
SIZE,3
VICTIM,A2TXARMY
CRIME,SOUPSTL
TIME,DAWNTIME
PLACE,4NXDEZQ
MOTIVE,FUN FUND
WEAPON,STAKLNGJV
BANDIT,SLUGLORDZ
SIZE,4
VICTIM,8LUG 9QUAD
CRIME,STARZWIP
TIME,NOONRUSH0
PLACE,PACIFIC
MOTIVE,BUBGOAL
WEAPON,FOAMGUN
BANDIT,MOSSMNK
SIZE,4
VICTIM,CRAB2CREW
CRIME,BARK X BG
TIME,SUNRISEZ
PLACE,GALAGATE
MOTIVE,FO7MQEST
WEAPON,BANANAZ1
BANDIT,YAKXKIDX
SIZE,2
VICTIM,WORM C4EW
CRIME,STARZWIP
TIME,MOONHOUR
PLACE,MARSDUNE
MOTIVE,SNCKNEED
WEAPON,SPDSTICK
BANDIT,CRAB DUDZ
SIZE,7
VICTIM,DUCK D5VZ
CRIME,MUD MI9CH
TIME,MIDDAYY2
PLACE,PACIFIC
MOTIVE,TURFPRID
WEAPON,GLOOPRAY
BANDIT,OWLBXXNDT
SIZE,7
VICTIM,BA6 CREW
CRIME,SOUPSTL
TIME,MIDDAYY2
PLACE,SPACE 99
MOTIVE,BR6WQEST
WEAPON,CHEEAXE
BANDIT,FROGKNG
SIZE,9
VICTIM,WORM C4EW
CRIME,LEAYLIFT
TIME,STAR TIME
PLACE,NOVANEST
MOTIVE,HIVE TAX
WEAPON,STAKLNGJV
BANDIT,GOATGAL JK
SIZE,8
VICTIM,OWL 3ANG
CRIME,EGGJSNCH3
TIME,MIDDAYY2
PLACE,PLUTYARD0
MOTIVE,STARDUTY
WEAPON,MEGAMOP
BANDIT,ANTKNIT0
SIZE,9
VICTIM,WORM C4EW
CRIME,CHEESEGRBK
TIME,DUSKRUN0K
PLACE,ATOMTOWN
MOTIVE,TURFPRID
WEAPON,MUQMISS0
BANDIT,BEARBARD
SIZE,5
VICTIM,JAG7ARJOE
CRIME,POLL8ST
TIME,COSMEVE4
PLACE,LUNARPIT3
MOTIVE,HIVE TAX
WEAPON,LEAFLNC
BANDIT,CRAB DUDZ
SIZE,5
VICTIM,CRAB2CREW
CRIME,BARK X BG
TIME,MOONHOUR
PLACE,MARSDUNE
MOTIVE,BUBGOAL
WEAPON,STAKLNGJV
BANDIT,YAKXKIDX
SIZE,7
VICTIM,WORM C4EW
CRIME,BARK X BG
TIME,COSMEVE4
PLACE,DEEPPIT X0
MOTIVE,TURFPRID
WEAPON,GLOOPRAY
BANDIT,YAKXKIDX
SIZE,5
VICTIM,JAG7ARJOE
CRIME,CHEESEGRBK
TIME,DUSKRUN0K
PLACE,SAHARA5
MOTIVE,MOONDEBT
WEAPON,ICEBOMBQ
BANDIT,BUNYBRV2
SIZE,4
VICTIM,WORM C4EW
CRIME,SOUPSTL
TIME,WNDWATCH
PLACE,EVER3ST
MOTIVE,BR6WQEST
WEAPON,MUQMISS0
BANDIT,YAKXKIDX
SIZE,5
VICTIM,8LUG 9QUAD
CRIME,JOKEROB7
TIME,MIDDAYY2
PLACE,LUNARPIT3
MOTIVE,STARDUTY
WEAPON,STAKLNGJV
BANDIT,FROGKNG
SIZE,0
VICTIM,A2TXARMY
CRIME,HAT HUVL
TIME,SUNRISEZ
PLACE,MARSDUNE
MOTIVE,STARDUTY
WEAPON,GLOOPRAY
BANDIT,OWLBXXNDT
SIZE,1
VICTIM,BEE BROZ1
CRIME,POLL8ST
TIME,DAWNTIME
PLACE,4NXDEZQ
MOTIVE,MOONDEBT
WEAPON,LEAFLNC
BANDIT,QUEENQQ
SIZE,5
VICTIM,MOS7 MOB
CRIME,NAPUNAXQB
TIME,CLDCLOCKY
PLACE,4NXDEZQ
MOTIVE,BR6WQEST
WEAPON,MEGAMOP
BANDIT,CRAB DUDZ
SIZE,2
VICTIM,FOXFORCE1
CRIME,BUBTHEFT
TIME,DUSKRUN0K
PLACE,SAHARA5
MOTIVE,SNCKNEED
WEAPON,STAKLNGJV
BANDIT,SLIMEBOTK
SIZE,7
VICTIM,A2TXARMY
CRIME,MUD MI9CH
TIME,CLDCLOCKY
PLACE,ATOMTOWN
MOTIVE,S8NDFEUD
WEAPON,SNDSABER
BANDIT,MUNKMANZ
SIZE,0
VICTIM,OWL 3ANG
CRIME,CLDCRIME
TIME,CLDCLOCKY
PLACE,4NXDEZQ
MOTIVE,FO7MQEST
WEAPON,ICEBOMBQ
BANDIT,SLUGLORDZ
SIZE,0
VICTIM,DUCK D5VZ
CRIME,JOKEROB7
TIME,STAR TIME
PLACE,DEEPPIT X0
MOTIVE,STARDUTY
WEAPON,GLOOPRAY
BANDIT,SLIMEBOTK
SIZE,7
VICTIM,8LUG 9QUAD
CRIME,STARZWIP
TIME,WNDWATCH
PLACE,PACIFIC
MOTIVE,BR6WQEST
WEAPON,MEGAMOP
BANDIT,SLIMEBOTK
SIZE,5
VICTIM,OWL 3ANG
CRIME,NAPUNAXQB
TIME,COSMEVE4
PLACE,MARSDUNE
MOTIVE,RAGEWHY
WEAPON,BANANAZ1
BANDIT,YAKXKIDX
SIZE,0
VICTIM,OWL 3ANG
CRIME,BARK X BG
TIME,WNDWATCH
PLACE,DEEPPIT X0
MOTIVE,TURFPRID
WEAPON,MEGAMOP
BANDIT,DUCKUVON6
SIZE,9
VICTIM,JAG7ARJOE
CRIME,CHEESEGRBK
TIME,STAR TIME
PLACE,J5PITER
MOTIVE,BR6WQEST
WEAPON,SNDSABER
BANDIT,QUEENQQ
SIZE,6
VICTIM,BEE BROZ1
CRIME,SOUPSTL
TIME,SOLRSNAP
PLACE,ATOMTOWN
MOTIVE,CLDRNT
WEAPON,STAKLNGJV
BANDIT,GOATGAL JK
SIZE,4
VICTIM,BEE BROZ1
CRIME,POLL8ST
TIME,SHADE SHF
PLACE,MARSDUNE
MOTIVE,FUN FUND
WEAPON,WNDWAND
BANDIT,JOKERZJOX
SIZE,8
VICTIM,C1WCLAN X
CRIME,SOUPSTL
TIME,NIGHTRUN
PLACE,SAHARA5
MOTIVE,FO7MQEST
WEAPON,STAKLNGJV
BANDIT,SLUGLORDZ
SIZE,6
VICTIM,A2TXARMY
CRIME,JOKEROB7
TIME,TIDETURN
PLACE,NOVANEST
MOTIVE,MOONDEBT
WEAPON,NOODWHIP
BANDIT,CRAB DUDZ
SIZE,6
VICTIM,R4TPACKX
CRIME,POLL8ST
TIME,MOONHOUR
PLACE,J5PITER
MOTIVE,FO7MQEST
WEAPON,MUQMISS0
BANDIT,MUNKMANZ
SIZE,9
VICTIM,MOS7 MOB
CRIME,BARK X BG
TIME,MOONHOUR
PLACE,MARSDUNE
MOTIVE,SALTTHST
WEAPON,STAKLNGJV
BANDIT,MOSSMNK
SIZE,1
VICTIM,FOXFORCE1
CRIME,LEAYLIFT
TIME,STAR TIME
PLACE,J5PITER
MOTIVE,BR6WQEST
WEAPON,CLDHAMR0
BANDIT,SLIMEBOTK
SIZE,8
VICTIM,8LUG 9QUAD
CRIME,HAT HUVL
TIME,COSMEVE4
PLACE,PLUTYARD0
MOTIVE,BUBGOAL
WEAPON,MEGAMOP
BANDIT,BUNYBRV2
SIZE,9
VICTIM,OWL 3ANG
CRIME,BARK X BG
TIME,SOLRSNAP
PLACE,NOVANEST
MOTIVE,TURFPRID
WEAPON,NOODWHIP
BANDIT,FOXXX AQD
SIZE,4
VICTIM,WORM C4EW
CRIME,SANDSWIPE
TIME,CLDCLOCKY
PLACE,GALAGATE
MOTIVE,HIVE TAX
WEAPON,MEGAMOP
BANDIT,MOSSMNK
SIZE,8
VICTIM,MOS7 MOB
CRIME,STARZWIP
TIME,CLDCLOCKY
PLACE,DEEPPIT X0
MOTIVE,STARDUTY
WEAPON,SNDSABER
BANDIT,MUNKMANZ
SIZE,7
VICTIM,MOS7 MOB
CRIME,POLL8ST
TIME,SHADE SHF
PLACE,4NXDEZQ
MOTIVE,S8NDFEUD
WEAPON,BANANAZ1
BANDIT,QUEENQQ
SIZE,6
VICTIM,C1WCLAN X
CRIME,SANDSWIPE
TIME,MOONHOUR
PLACE,NOVANEST
MOTIVE,FO7MQEST
WEAPON,GLOOPRAY
BANDIT,OWLBXXNDT
SIZE,1
VICTIM,DUCK D5VZ
CRIME,SANDSWIPE
TIME,CLDCLOCKY
PLACE,MARSDUNE
MOTIVE,TI9EGAIN
WEAPON,LEAFLNC
BANDIT,BUNYBRV2
SIZE,4
VICTIM,WORM C4EW
CRIME,SANDSWIPE
TIME,SHADE SHF
PLACE,LUNARPIT3
MOTIVE,TURFPRID
WEAPON,NOODWHIP
BANDIT,OWLBXXNDT
SIZE,7
VICTIM,M1DCREW2
CRIME,SANDSWIPE
TIME,NOONRUSH0
PLACE,EVER3ST
MOTIVE,BR6WQEST
WEAPON,FOAMGUN
BANDIT,SLUGLORDZ
SIZE,5
VICTIM,GO5T G5NG
CRIME,CLDCRIME
TIME,STAR TIME
PLACE,PACIFIC
MOTIVE,BUBGOAL
WEAPON,FOAMGUN
BANDIT,OWLBXXNDT
SIZE,3
VICTIM,QUA6L Q
CRIME,STARZWIP
TIME,WNDWATCH
PLACE,COMETCLF
MOTIVE,BUBGOAL
WEAPON,NOODWHIP
BANDIT,MUNKMANZ
SIZE,9
VICTIM,BEE BROZ1
CRIME,JOKEROB7
TIME,SUNRISEZ
PLACE,4NXDEZQ
MOTIVE,CLDRNT
WEAPON,BUBBLADE
BANDIT,BUNYBRV2
SIZE,3
VICTIM,FOXFORCE1
CRIME,POLL8ST
TIME,SUNRISEZ
PLACE,PACIFIC
MOTIVE,FUN FUND
WEAPON,MEGAMOP
BANDIT,FROGKNG
SIZE,4
VICTIM,QUA6L Q
CRIME,BARK X BG
TIME,WNDWATCH
PLACE,SPACE 99
MOTIVE,FUN FUND
WEAPON,FOAMGUN
BANDIT,MUNKMANZ
SIZE,7
VICTIM,QUA6L Q
CRIME,BONKBONK1
TIME,SUNRISEZ
PLACE,J5PITER
MOTIVE,BR6WQEST
WEAPON,SNDSABER
BANDIT,MUNKMANZ
SIZE,8
VICTIM,QUA6L Q
CRIME,BUBTHEFT
TIME,MIDDAYY2
PLACE,EVER3ST
MOTIVE,FO7MQEST
WEAPON,LEAFLNC
BANDIT,DUCKUVON6
SIZE,9
VICTIM,WORM C4EW
CRIME,BUBTHEFT
TIME,MIDDAYY2
PLACE,J5PITER
MOTIVE,BR6WQEST
WEAPON,BUBBLADE
BANDIT,FROGKNG
SIZE,9
VICTIM,BEE BROZ1
CRIME,NAPUNAXQB
TIME,SUNRISEZ
PLACE,LUNARPIT3
MOTIVE,BUBGOAL
WEAPON,MUQMISS0
BANDIT,SLIMEBOTK
SIZE,0
VICTIM,BA6 CREW
CRIME,LEAYLIFT
TIME,MOONHOUR
PLACE,EVER3ST
MOTIVE,CHEELUST
WEAPON,CHEEAXE
BANDIT,SLIMEBOTK
SIZE,9
VICTIM,8LUG 9QUAD
CRIME,CHEESEGRBK
TIME,SHADE SHF
PLACE,PACIFIC
MOTIVE,SALTTHST
WEAPON,SNDSABER
BANDIT,FROGKNG
SIZE,3
VICTIM,8LUG 9QUAD
CRIME,BUBTHEFT
TIME,SOLRSNAP
PLACE,4NXDEZQ
MOTIVE,FUN FUND
WEAPON,MEGAMOP
BANDIT,MUNKMANZ
SIZE,5
VICTIM,BA6 CREW
CRIME,CLDCRIME
TIME,DAWNTIME
PLACE,GALAGATE
MOTIVE,STARDUTY
WEAPON,BUBBLADE
BANDIT,SLUGLORDZ
SIZE,7
VICTIM,8LUG 9QUAD
CRIME,SOUPSTL
TIME,MOONHOUR
PLACE,EVER3ST
MOTIVE,STARDUTY
WEAPON,MEGAMOP
BANDIT,YAKXKIDX
SIZE,9
VICTIM,8LUG 9QUAD
CRIME,STARZWIP
TIME,NOONRUSH0
PLACE,LUNARPIT3
MOTIVE,SNCKNEED
WEAPON,LEAFLNC
BANDIT,DUCKUVON6
SIZE,0
VICTIM,DUCK D5VZ
CRIME,SANDSWIPE
TIME,MOONHOUR
PLACE,COMETCLF
MOTIVE,TURFPRID
WEAPON,WNDWAND
BANDIT,SLIMEBOTK
SIZE,1
VICTIM,F3OG FAM3
CRIME,BUBTHEFT
TIME,SUNRISEZ
PLACE,DEEPPIT X0
MOTIVE,TI9EGAIN
WEAPON,SPDSTICK
BANDIT,SLUGLORDZ
SIZE,5
VICTIM,CRAB2CREW
CRIME,JOKEROB7
TIME,TIDETURN
PLACE,LUNARPIT3
MOTIVE,BUBGOAL
WEAPON,BANANAZ1
BANDIT,DUCKUVON6
SIZE,0
VICTIM,FOXFORCE1
CRIME,LEAYLIFT
TIME,DAWNTIME
PLACE,DEEPPIT X0
MOTIVE,STARDUTY
WEAPON,STAKLNGJV
BANDIT,QUEENQQ
SIZE,4
VICTIM,GO5T G5NG
CRIME,SOUPSTL
TIME,SHADE SHF
PLACE,ATOMTOWN
MOTIVE,RAGEWHY
WEAPON,CLDHAMR0
BANDIT,BEARBARD
SIZE,1
VICTIM,CRAB2CREW
CRIME,CLDCRIME
TIME,SHADE SHF
PLACE,MARSDUNE
MOTIVE,SNCKNEED
WEAPON,SPDSTICK
BANDIT,FOXXX AQD
SIZE,8
VICTIM,QUA6L Q
CRIME,NAPUNAXQB
TIME,DUSKRUN0K
PLACE,J5PITER
MOTIVE,FO7MQEST
WEAPON,BUBBLADE
BANDIT,OWLBXXNDT
SIZE,2
VICTIM,C1WCLAN X
CRIME,JOKEROB7
TIME,WNDWATCH
PLACE,ATOMTOWN
MOTIVE,FUN FUND
WEAPON,ICEBOMBQ
BANDIT,YAKXKIDX
SIZE,9
VICTIM,DUCK D5VZ
CRIME,LEAYLIFT
TIME,NIGHTRUN
PLACE,ATOMTOWN
MOTIVE,HIVE TAX
WEAPON,MUQMISS0
BANDIT,FROGKNG
SIZE,1
VICTIM,BEE BROZ1
CRIME,JOKEROB7
TIME,DUSKRUN0K
PLACE,GALAGATE
MOTIVE,TURFPRID
WEAPON,MEGAMOP
BANDIT,RATRGUE3
SIZE,7
VICTIM,QUA6L Q
CRIME,JOKEROB7
TIME,MOONHOUR
PLACE,PACIFIC
MOTIVE,RAGEWHY
WEAPON,WNDWAND
BANDIT,QUEENQQ
SIZE,2
VICTIM,A2TXARMY
CRIME,SANDSWIPE
TIME,SUNRISEZ
PLACE,SPACE 99
MOTIVE,FO7MQEST
WEAPON,SPDSTICK
BANDIT,SLUGLORDZ
SIZE,3
VICTIM,BEE BROZ1
CRIME,BONKBONK1
TIME,STAR TIME
PLACE,ION CORE84
MOTIVE,FUN FUND
WEAPON,SNDSABER
BANDIT,OWLBXXNDT
SIZE,7
VICTIM,A2TXARMY
CRIME,MUD MI9CH
TIME,DAWNTIME
PLACE,PLUTYARD0
MOTIVE,BUBGOAL
WEAPON,BANANAZ1
BANDIT,ANTKNIT0
SIZE,4
VICTIM,FOXFORCE1
CRIME,EGGJSNCH3
TIME,STAR TIME
PLACE,J5PITER
MOTIVE,SNCKNEED
WEAPON,WNDWAND
BANDIT,RATRGUE3
SIZE,0
VICTIM,DUCK D5VZ
CRIME,BONKBONK1
TIME,COSMEVE4
PLACE,EVER3ST
MOTIVE,TI9EGAIN
WEAPON,MEGAMOP
BANDIT,SLUGLORDZ
SIZE,4
VICTIM,WORM C4EW
CRIME,NAPUNAXQB
TIME,DUSKRUN0K
PLACE,DEEPPIT X0
MOTIVE,FUN FUND
WEAPON,ICEBOMBQ
BANDIT,BEARBARD
SIZE,7
VICTIM,OWL 3ANG
CRIME,MUD MI9CH
TIME,TIDETURN
PLACE,COMETCLF
MOTIVE,FO7MQEST
WEAPON,STAKLNGJV
BANDIT,SLUGLORDZ
SIZE,3
VICTIM,BEE BROZ1
CRIME,POLL8ST
TIME,DAWNTIME
PLACE,NOVANEST
MOTIVE,TURFPRID
WEAPON,STAKLNGJV
BANDIT,OWLBXXNDT
SIZE,7
VICTIM,FOXFORCE1
CRIME,JOKEROB7
TIME,COSMEVE4
PLACE,SPACE 99
MOTIVE,CHEELUST
WEAPON,CLDHAMR0
BANDIT,JOKERZJOX
SIZE,4
VICTIM,8LUG 9QUAD
CRIME,CLDCRIME
TIME,MIDDAYY2
PLACE,COMETCLF
MOTIVE,CHEELUST
WEAPON,BUBBLADE
BANDIT,ANTKNIT0
SIZE,2
VICTIM,BEE BROZ1
CRIME,SOUPSTL
TIME,SUNRISEZ
PLACE,EVER3ST
MOTIVE,CLDRNT
WEAPON,GLOOPRAY
BANDIT,BUNYBRV2
SIZE,3
VICTIM,BA6 CREW
CRIME,POLL8ST
TIME,NOONRUSH0
PLACE,ATOMTOWN
MOTIVE,BR6WQEST
WEAPON,GLOOPRAY
BANDIT,RATRGUE3
SIZE,8
VICTIM,WORM C4EW
CRIME,NAPUNAXQB
TIME,COSMEVE4
PLACE,PLUTYARD0
MOTIVE,TI9EGAIN
WEAPON,BUBBLADE
BANDIT,SLIMEBOTK
SIZE,3
VICTIM,JAG7ARJOE
CRIME,LEAYLIFT
TIME,DAWNTIME
PLACE,ATOMTOWN
MOTIVE,HIVE TAX
WEAPON,BUBBLADE
BANDIT,RATRGUE3
SIZE,8
VICTIM,R4TPACKX
CRIME,EGGJSNCH3
TIME,SUNRISEZ
PLACE,ATOMTOWN
MOTIVE,CHEELUST
WEAPON,CLDHAMR0
BANDIT,OWLBXXNDT
SIZE,4
VICTIM,C1WCLAN X
CRIME,LEAYLIFT
TIME,COSMEVE4
PLACE,EVER3ST
MOTIVE,FO7MQEST
WEAPON,BANANAZ1
BANDIT,SLUGLORDZ
SIZE,0
VICTIM,CRAB2CREW
CRIME,NAPUNAXQB
TIME,TIDETURN
PLACE,SPACE 99
MOTIVE,MOONDEBT
WEAPON,CHEEAXE
BANDIT,BEARBARD
SIZE,6
VICTIM,8LUG 9QUAD
CRIME,STARZWIP
TIME,MIDDAYY2
PLACE,4NXDEZQ
MOTIVE,CLDRNT
WEAPON,BANANAZ1
BANDIT,CRAB DUDZ
SIZE,2
VICTIM,OWL 3ANG
CRIME,SANDSWIPE
TIME,NIGHTRUN
PLACE,MARSDUNE
MOTIVE,FUN FUND
WEAPON,NOODWHIP
BANDIT,FROGKNG
SIZE,8
VICTIM,JAG7ARJOE
CRIME,STARZWIP
TIME,WNDWATCH
PLACE,PACIFIC
MOTIVE,BUBGOAL
WEAPON,STAKLNGJV
BANDIT,RATRGUE3
SIZE,8
VICTIM,BA6 CREW
CRIME,NAPUNAXQB
TIME,NOONRUSH0
PLACE,PLUTYARD0
MOTIVE,CHEELUST
WEAPON,WNDWAND
BANDIT,FOXXX AQD
SIZE,4
VICTIM,M1DCREW2
CRIME,CLDCRIME
TIME,MIDDAYY2
PLACE,LUNARPIT3
MOTIVE,FUN FUND
WEAPON,MEGAMOP
BANDIT,QUEENQQ
SIZE,0
VICTIM,BA6 CREW
CRIME,BUBTHEFT
TIME,SHADE SHF
PLACE,EVER3ST
MOTIVE,TURFPRID
WEAPON,MUQMISS0
BANDIT,BEARBARD
SIZE,7
VICTIM,DUCK D5VZ
CRIME,BONKBONK1
TIME,EARTHHR6
PLACE,DEEPPIT X0
MOTIVE,CLDRNT
WEAPON,CHEEAXE
BANDIT,BEARBARD
SIZE,6
VICTIM,M1DCREW2
CRIME,STARZWIP
TIME,TIDETURN
PLACE,MARSDUNE
MOTIVE,TURFPRID
WEAPON,CHEEAXE
BANDIT,ANTKNIT0
SIZE,5
VICTIM,CRAB2CREW
CRIME,CLDCRIME
TIME,STAR TIME
PLACE,PLUTYARD0
MOTIVE,MOONDEBT
WEAPON,NOODWHIP
BANDIT,RATRGUE3
SIZE,1
VICTIM,OWL 3ANG
CRIME,BUBTHEFT
TIME,MOONHOUR
PLACE,DEEPPIT X0
MOTIVE,CHEELUST
WEAPON,CHEEAXE
BANDIT,JOKERZJOX
SIZE,6
VICTIM,F3OG FAM3
CRIME,SOUPSTL
TIME,TIDETURN
PLACE,LUNARPIT3
MOTIVE,STARDUTY
WEAPON,WNDWAND
BANDIT,QUEENQQ
SIZE,1
VICTIM,WORM C4EW
CRIME,STARZWIP
TIME,MIDDAYY2
PLACE,4NXDEZQ
MOTIVE,BUBGOAL
WEAPON,ICEBOMBQ
BANDIT,FROGKNG
SIZE,3
VICTIM,OWL 3ANG
CRIME,SANDSWIPE
TIME,TIDETURN
PLACE,COMETCLF
MOTIVE,FO7MQEST
WEAPON,ICEBOMBQ
BANDIT,YAKXKIDX
SIZE,9
VICTIM,OWL 3ANG
CRIME,NAPUNAXQB
TIME,DAWNTIME
PLACE,MARSDUNE
MOTIVE,BR6WQEST
WEAPON,LEAFLNC
BANDIT,MOSSMNK
SIZE,6
VICTIM,GO5T G5NG
CRIME,JOKEROB7
TIME,STAR TIME
PLACE,EVER3ST
MOTIVE,RAGEWHY
WEAPON,BANANAZ1
BANDIT,MUNKMANZ
SIZE,1
VICTIM,M1DCREW2
CRIME,LEAYLIFT
TIME,SHADE SHF
PLACE,J5PITER
MOTIVE,SNCKNEED
WEAPON,CHEEAXE
BANDIT,SLUGLORDZ
SIZE,6
VICTIM,A2TXARMY
CRIME,CHEESEGRBK
TIME,DAWNTIME
PLACE,FOREST
MOTIVE,MOONDEBT
WEAPON,BANANAZ1
BANDIT,FOXXX AQD
SIZE,3
VICTIM,8LUG 9QUAD
CRIME,EGGJSNCH3
TIME,WNDWATCH
PLACE,SPACE 99
MOTIVE,RAGEWHY
WEAPON,FOAMGUN
BANDIT,QUEENQQ
SIZE,2
VICTIM,F3OG FAM3
CRIME,BUBTHEFT
TIME,SHADE SHF
PLACE,ATOMTOWN
MOTIVE,BUBGOAL
WEAPON,GLOOPRAY
BANDIT,BEARBARD
SIZE,1
VICTIM,MOS7 MOB
CRIME,BARK X BG
TIME,MOONHOUR
PLACE,LUNARPIT3
MOTIVE,S8NDFEUD
WEAPON,ICEBOMBQ
BANDIT,RATRGUE3
SIZE,5
VICTIM,WORM C4EW
CRIME,BARK X BG
TIME,MOONHOUR
PLACE,GALAGATE
MOTIVE,RAGEWHY
WEAPON,BUBBLADE
BANDIT,GOATGAL JK
SIZE,4
VICTIM,BEE BROZ1
CRIME,BUBTHEFT
TIME,DAWNTIME
PLACE,EVER3ST
MOTIVE,BUBGOAL
WEAPON,ICEBOMBQ
BANDIT,GOATGAL JK
SIZE,2
VICTIM,8LUG 9QUAD
CRIME,SOUPSTL
TIME,DUSKRUN0K
PLACE,FOREST
MOTIVE,RAGEWHY
WEAPON,STAKLNGJV
BANDIT,DUCKUVON6
SIZE,8
VICTIM,R4TPACKX
CRIME,CHEESEGRBK
TIME,MOONHOUR
PLACE,FOREST
MOTIVE,STARDUTY
WEAPON,LEAFLNC
BANDIT,YAKXKIDX
SIZE,1
VICTIM,QUA6L Q
CRIME,BUBTHEFT
TIME,MOONHOUR
PLACE,NOVANEST
MOTIVE,RAGEWHY
WEAPON,STAKLNGJV
BANDIT,FROGKNG
SIZE,7
VICTIM,CRAB2CREW
CRIME,EGGJSNCH3
TIME,NOONRUSH0
PLACE,DEEPPIT X0
MOTIVE,STARDUTY
WEAPON,GLOOPRAY
BANDIT,BUNYBRV2
SIZE,3
VICTIM,F3OG FAM3
CRIME,SANDSWIPE
TIME,DAWNTIME
PLACE,LUNARPIT3
MOTIVE,BUBGOAL
WEAPON,GLOOPRAY
BANDIT,FROGKNG
SIZE,2
VICTIM,FOXFORCE1
CRIME,CLDCRIME
TIME,TIDETURN
PLACE,FOREST
MOTIVE,S8NDFEUD
WEAPON,FOAMGUN
BANDIT,RATRGUE3
SIZE,4
VICTIM,QUA6L Q
CRIME,NAPUNAXQB
TIME,MIDDAYY2
PLACE,ATOMTOWN
MOTIVE,CLDRNT
WEAPON,SNDSABER
BANDIT,OWLBXXNDT
SIZE,3
VICTIM,8LUG 9QUAD
CRIME,LEAYLIFT
TIME,EARTHHR6
PLACE,J5PITER
MOTIVE,BR6WQEST
WEAPON,BANANAZ1
BANDIT,MOSSMNK
SIZE,9
VICTIM,MOS7 MOB
CRIME,MUD MI9CH
TIME,SOLRSNAP
PLACE,ION CORE84
MOTIVE,SALTTHST
WEAPON,WNDWAND
BANDIT,SLUGLORDZ
SIZE,5
VICTIM,MOS7 MOB
CRIME,STARZWIP
TIME,SOLRSNAP
PLACE,MARSDUNE
MOTIVE,BUBGOAL
WEAPON,GLOOPRAY
BANDIT,BUNYBRV2
SIZE,2
VICTIM,8LUG 9QUAD
CRIME,BONKBONK1
TIME,SUNRISEZ
PLACE,SAHARA5
MOTIVE,SNCKNEED
WEAPON,LEAFLNC
BANDIT,FOXXX AQD
SIZE,2
VICTIM,BA6 CREW
CRIME,STARZWIP
TIME,MIDDAYY2
PLACE,PLUTYARD0
MOTIVE,BUBGOAL
WEAPON,STAKLNGJV
BANDIT,GOATGAL JK
SIZE,2
VICTIM,GO5T G5NG
CRIME,HAT HUVL
TIME,EARTHHR6
PLACE,PLUTYARD0
MOTIVE,MOONDEBT
WEAPON,BUBBLADE
BANDIT,ANTKNIT0
SIZE,4
VICTIM,OWL 3ANG
CRIME,JOKEROB7
TIME,MOONHOUR
PLACE,ATOMTOWN
MOTIVE,FO7MQEST
WEAPON,SNDSABER
BANDIT,CRAB DUDZ
SIZE,3
VICTIM,CRAB2CREW
CRIME,NAPUNAXQB
TIME,MOONHOUR
PLACE,ION CORE84
MOTIVE,FUN FUND
WEAPON,SPDSTICK
BANDIT,FOXXX AQD
SIZE,1
VICTIM,R4TPACKX
CRIME,HAT HUVL
TIME,WNDWATCH
PLACE,LUNARPIT3
MOTIVE,CHEELUST
WEAPON,SPDSTICK
BANDIT,SLIMEBOTK
SIZE,4
VICTIM,JAG7ARJOE
CRIME,BUBTHEFT
TIME,WNDWATCH
PLACE,ION CORE84
MOTIVE,BUBGOAL
WEAPON,MUQMISS0
BANDIT,BUNYBRV2
SIZE,7
VICTIM,JAG7ARJOE
CRIME,JOKEROB7
TIME,STAR TIME
PLACE,4NXDEZQ
MOTIVE,TI9EGAIN
WEAPON,ICEBOMBQ
BANDIT,YAKXKIDX
SIZE,6
VICTIM,8LUG 9QUAD
CRIME,MUD MI9CH
TIME,EARTHHR6
PLACE,COMETCLF
MOTIVE,SNCKNEED
WEAPON,FOAMGUN
BANDIT,BUNYBRV2
SIZE,3
VICTIM,FOXFORCE1
CRIME,STARZWIP
TIME,MOONHOUR
PLACE,EVER3ST
MOTIVE,MOONDEBT
WEAPON,MUQMISS0
BANDIT,SLIMEBOTK
SIZE,9
VICTIM,C1WCLAN X
CRIME,LEAYLIFT
TIME,SUNRISEZ
PLACE,SAHARA5
MOTIVE,BUBGOAL
WEAPON,BUBBLADE
BANDIT,BUNYBRV2
SIZE,0
VICTIM,DUCK D5VZ
CRIME,BONKBONK1
TIME,WNDWATCH
PLACE,PACIFIC
MOTIVE,FUN FUND
WEAPON,MEGAMOP
BANDIT,DUCKUVON6
SIZE,1
VICTIM,BEE BROZ1
CRIME,CHEESEGRBK
TIME,NOONRUSH0
PLACE,GALAGATE
MOTIVE,MOONDEBT
WEAPON,LEAFLNC
BANDIT,RATRGUE3
SIZE,2
VICTIM,MOS7 MOB
CRIME,NAPUNAXQB
TIME,MOONHOUR
PLACE,PLUTYARD0
MOTIVE,BR6WQEST
WEAPON,BANANAZ1
BANDIT,FROGKNG
SIZE,4
VICTIM,MOS7 MOB
CRIME,CLDCRIME
TIME,DUSKRUN0K
PLACE,J5PITER
MOTIVE,BUBGOAL
WEAPON,ICEBOMBQ
BANDIT,FROGKNG
SIZE,0
VICTIM,GO5T G5NG
CRIME,BONKBONK1
TIME,TIDETURN
PLACE,DEEPPIT X0
MOTIVE,BR6WQEST
WEAPON,WNDWAND
BANDIT,BEARBARD
SIZE,7
VICTIM,BEE BROZ1
CRIME,LEAYLIFT
TIME,SUNRISEZ
PLACE,SPACE 99
MOTIVE,BR6WQEST
WEAPON,BANANAZ1
BANDIT,OWLBXXNDT
SIZE,2
VICTIM,R4TPACKX
CRIME,EGGJSNCH3
TIME,WNDWATCH
PLACE,GALAGATE
MOTIVE,BR6WQEST
WEAPON,CLDHAMR0
BANDIT,MOSSMNK
SIZE,4
VICTIM,GO5T G5NG
CRIME,BONKBONK1
TIME,MIDDAYY2
PLACE,ATOMTOWN
MOTIVE,TI9EGAIN
WEAPON,CHEEAXE
BANDIT,BUNYBRV2
SIZE,7
VICTIM,DUCK D5VZ
CRIME,POLL8ST
TIME,SOLRSNAP
PLACE,PACIFIC
MOTIVE,FO7MQEST
WEAPON,LEAFLNC
BANDIT,SLIMEBOTK
SIZE,7
VICTIM,8LUG 9QUAD
CRIME,MUD MI9CH
TIME,SHADE SHF
PLACE,SAHARA5
MOTIVE,BR6WQEST
WEAPON,CLDHAMR0
BANDIT,FROGKNG
SIZE,0
VICTIM,BA6 CREW
CRIME,BUBTHEFT
TIME,MOONHOUR
PLACE,COMETCLF
MOTIVE,STARDUTY
WEAPON,NOODWHIP
BANDIT,FOXXX AQD
SIZE,8
VICTIM,BA6 CREW
CRIME,POLL8ST
TIME,TIDETURN
PLACE,FOREST
MOTIVE,BUBGOAL
WEAPON,MEGAMOP
BANDIT,JOKERZJOX
SIZE,7
VICTIM,M1DCREW2
CRIME,POLL8ST
TIME,NIGHTRUN
PLACE,EVER3ST
MOTIVE,HIVE TAX
WEAPON,GLOOPRAY
BANDIT,GOATGAL JK
SIZE,5
VICTIM,MOS7 MOB
CRIME,LEAYLIFT
TIME,DAWNTIME
PLACE,ION CORE84
MOTIVE,CLDRNT
WEAPON,WNDWAND
BANDIT,CRAB DUDZ
SIZE,3
VICTIM,C1WCLAN X
CRIME,LEAYLIFT
TIME,SHADE SHF
PLACE,LUNARPIT3
MOTIVE,FO7MQEST
WEAPON,CLDHAMR0
BANDIT,GOATGAL JK
SIZE,5
VICTIM,JAG7ARJOE
CRIME,BONKBONK1
TIME,NIGHTRUN
PLACE,MARSDUNE
MOTIVE,TI9EGAIN
WEAPON,BANANAZ1
BANDIT,OWLBXXNDT
SIZE,3
VICTIM,GO5T G5NG
CRIME,CHEESEGRBK
TIME,STAR TIME
PLACE,COMETCLF
MOTIVE,SNCKNEED
WEAPON,FOAMGUN
BANDIT,JOKERZJOX
SIZE,8
VICTIM,M1DCREW2
CRIME,SOUPSTL
TIME,MIDDAYY2
PLACE,COMETCLF
MOTIVE,CHEELUST
WEAPON,BANANAZ1
BANDIT,ANTKNIT0
SIZE,9
VICTIM,BA6 CREW
CRIME,NAPUNAXQB
TIME,MOONHOUR
PLACE,MARSDUNE
MOTIVE,CLDRNT
WEAPON,LEAFLNC
BANDIT,DUCKUVON6
SIZE,7
VICTIM,BA6 CREW
CRIME,CLDCRIME
TIME,MIDDAYY2
PLACE,4NXDEZQ
MOTIVE,FO7MQEST
WEAPON,MUQMISS0
BANDIT,FROGKNG
SIZE,9
VICTIM,C1WCLAN X
CRIME,SANDSWIPE
TIME,TIDETURN
PLACE,PLUTYARD0
MOTIVE,CLDRNT
WEAPON,ICEBOMBQ
BANDIT,SLUGLORDZ
SIZE,8
VICTIM,8LUG 9QUAD
CRIME,MUD MI9CH
TIME,SHADE SHF
PLACE,PLUTYARD0
MOTIVE,FUN FUND
WEAPON,MEGAMOP
BANDIT,ANTKNIT0
SIZE,4
VICTIM,F3OG FAM3
CRIME,BONKBONK1
TIME,SHADE SHF
PLACE,COMETCLF
MOTIVE,RAGEWHY
WEAPON,ICEBOMBQ
BANDIT,BEARBARD
SIZE,7
VICTIM,C1WCLAN X
CRIME,NAPUNAXQB
TIME,WNDWATCH
PLACE,NOVANEST
MOTIVE,SNCKNEED
WEAPON,SPDSTICK
BANDIT,GOATGAL JK
SIZE,4
VICTIM,FOXFORCE1
CRIME,SOUPSTL
TIME,WNDWATCH
PLACE,COMETCLF
MOTIVE,S8NDFEUD
WEAPON,FOAMGUN
BANDIT,FROGKNG
SIZE,1
VICTIM,OWL 3ANG
CRIME,CHEESEGRBK
TIME,SHADE SHF
PLACE,PLUTYARD0
MOTIVE,RAGEWHY
WEAPON,ICEBOMBQ
BANDIT,OWLBXXNDT
SIZE,5
VICTIM,WORM C4EW
CRIME,CLDCRIME
TIME,STAR TIME
PLACE,FOREST
MOTIVE,STARDUTY
WEAPON,BUBBLADE
BANDIT,MUNKMANZ
SIZE,1
VICTIM,8LUG 9QUAD
CRIME,SANDSWIPE
TIME,STAR TIME
PLACE,SAHARA5
MOTIVE,STARDUTY
WEAPON,CHEEAXE
BANDIT,SLIMEBOTK
SIZE,8
VICTIM,GO5T G5NG
CRIME,MUD MI9CH
TIME,STAR TIME
PLACE,J5PITER
MOTIVE,MOONDEBT
WEAPON,GLOOPRAY
BANDIT,GOATGAL JK
SIZE,7
VICTIM,QUA6L Q
CRIME,NAPUNAXQB
TIME,MOONHOUR
PLACE,J5PITER
MOTIVE,FUN FUND
WEAPON,SNDSABER
BANDIT,OWLBXXNDT
SIZE,3
VICTIM,WORM C4EW
CRIME,BONKBONK1
TIME,MIDDAYY2
PLACE,LUNARPIT3
MOTIVE,BUBGOAL
WEAPON,GLOOPRAY
BANDIT,SLIMEBOTK
SIZE,9
VICTIM,BEE BROZ1
CRIME,BONKBONK1
TIME,WNDWATCH
PLACE,GALAGATE
MOTIVE,TI9EGAIN
WEAPON,LEAFLNC
BANDIT,MUNKMANZ
SIZE,7
VICTIM,OWL 3ANG
CRIME,BARK X BG
TIME,MOONHOUR
PLACE,SPACE 99
MOTIVE,FUN FUND
WEAPON,BUBBLADE
BANDIT,CRAB DUDZ
SIZE,9
VICTIM,BA6 CREW
CRIME,NAPUNAXQB
TIME,MOONHOUR
PLACE,ATOMTOWN
MOTIVE,BR6WQEST
WEAPON,SNDSABER
BANDIT,JOKERZJOX
SIZE,5
VICTIM,F3OG FAM3
CRIME,CLDCRIME
TIME,STAR TIME
PLACE,4NXDEZQ
MOTIVE,RAGEWHY
WEAPON,GLOOPRAY
BANDIT,MUNKMANZ
SIZE,2
VICTIM,OWL 3ANG
CRIME,BONKBONK1
TIME,TIDETURN
PLACE,ION CORE84
MOTIVE,HIVE TAX
WEAPON,ICEBOMBQ
BANDIT,JOKERZJOX
SIZE,1
VICTIM,OWL 3ANG
CRIME,BONKBONK1
TIME,MOONHOUR
PLACE,PLUTYARD0
MOTIVE,MOONDEBT
WEAPON,WNDWAND
BANDIT,JOKERZJOX
SIZE,3
VICTIM,M1DCREW2
CRIME,CLDCRIME
TIME,DAWNTIME
PLACE,MARSDUNE
MOTIVE,S8NDFEUD
WEAPON,SNDSABER
BANDIT,OWLBXXNDT
SIZE,8
VICTIM,WORM C4EW
CRIME,EGGJSNCH3
TIME,COSMEVE4
PLACE,J5PITER
MOTIVE,MOONDEBT
WEAPON,FOAMGUN
BANDIT,CRAB DUDZ
SIZE,8
VICTIM,OWL 3ANG
CRIME,LEAYLIFT
TIME,SOLRSNAP
PLACE,FOREST
MOTIVE,HIVE TAX
WEAPON,MUQMISS0
BANDIT,BUNYBRV2
SIZE,9
VICTIM,M1DCREW2
CRIME,CHEESEGRBK
TIME,SOLRSNAP
PLACE,MARSDUNE
MOTIVE,TI9EGAIN
WEAPON,SPDSTICK
BANDIT,YAKXKIDX
SIZE,3
VICTIM,M1DCREW2
CRIME,BONKBONK1
TIME,CLDCLOCKY
PLACE,FOREST
MOTIVE,FUN FUND
WEAPON,STAKLNGJV
BANDIT,OWLBXXNDT
SIZE,1
VICTIM,8LUG 9QUAD
CRIME,CLDCRIME
TIME,SOLRSNAP
PLACE,PLUTYARD0
MOTIVE,FUN FUND
WEAPON,BANANAZ1
BANDIT,JOKERZJOX
SIZE,0
VICTIM,8LUG 9QUAD
CRIME,JOKEROB7
TIME,MIDDAYY2
PLACE,SAHARA5
MOTIVE,CLDRNT
WEAPON,CHEEAXE
BANDIT,RATRGUE3
SIZE,2
VICTIM,JAG7ARJOE
CRIME,BONKBONK1
TIME,SUNRISEZ
PLACE,MARSDUNE
MOTIVE,TI9EGAIN
WEAPON,BANANAZ1
BANDIT,FROGKNG
SIZE,7
VICTIM,MOS7 MOB
CRIME,BARK X BG
TIME,SUNRISEZ
PLACE,MARSDUNE
MOTIVE,MOONDEBT
WEAPON,ICEBOMBQ
BANDIT,JOKERZJOX
SIZE,1
VICTIM,CRAB2CREW
CRIME,LEAYLIFT
TIME,DAWNTIME
PLACE,NOVANEST
MOTIVE,BUBGOAL
WEAPON,SPDSTICK
BANDIT,DUCKUVON6
SIZE,3
VICTIM,BA6 CREW
CRIME,CLDCRIME
TIME,COSMEVE4
PLACE,GALAGATE
MOTIVE,FUN FUND
WEAPON,SNDSABER
BANDIT,YAKXKIDX
SIZE,7
VICTIM,CRAB2CREW
CRIME,BONKBONK1
TIME,EARTHHR6
PLACE,J5PITER
MOTIVE,S8NDFEUD
WEAPON,MUQMISS0
BANDIT,SLUGLORDZ
SIZE,1
VICTIM,GO5T G5NG
CRIME,LEAYLIFT
TIME,NIGHTRUN
PLACE,DEEPPIT X0
MOTIVE,FO7MQEST
WEAPON,GLOOPRAY
BANDIT,BUNYBRV2
SIZE,8
VICTIM,FOXFORCE1
CRIME,STARZWIP
TIME,SUNRISEZ
PLACE,PACIFIC
MOTIVE,FUN FUND
WEAPON,NOODWHIP
BANDIT,MUNKMANZ
SIZE,8
VICTIM,GO5T G5NG
CRIME,CHEESEGRBK
TIME,MOONHOUR
PLACE,NOVANEST
MOTIVE,BR6WQEST
WEAPON,LEAFLNC
BANDIT,YAKXKIDX
SIZE,8
VICTIM,DUCK D5VZ
CRIME,SANDSWIPE
TIME,SOLRSNAP
PLACE,SAHARA5
MOTIVE,FO7MQEST
WEAPON,GLOOPRAY
BANDIT,SLUGLORDZ
SIZE,8
VICTIM,8LUG 9QUAD
CRIME,SOUPSTL
TIME,SUNRISEZ
PLACE,ION CORE84
MOTIVE,HIVE TAX
WEAPON,LEAFLNC
BANDIT,MOSSMNK
SIZE,5
VICTIM,BA6 CREW
CRIME,STARZWIP
TIME,SOLRSNAP
PLACE,GALAGATE
MOTIVE,CLDRNT
WEAPON,STAKLNGJV
BANDIT,YAKXKIDX
SIZE,2
VICTIM,CRAB2CREW
CRIME,JOKEROB7
TIME,STAR TIME
PLACE,PACIFIC
MOTIVE,TI9EGAIN
WEAPON,CHEEAXE
BANDIT,FROGKNG
SIZE,1
VICTIM,OWL 3ANG
CRIME,HAT HUVL
TIME,STAR TIME
PLACE,SAHARA5
MOTIVE,SALTTHST
WEAPON,LEAFLNC
BANDIT,OWLBXXNDT
SIZE,5
VICTIM,DUCK D5VZ
CRIME,EGGJSNCH3
TIME,DUSKRUN0K
PLACE,LUNARPIT3
MOTIVE,MOONDEBT
WEAPON,STAKLNGJV
BANDIT,FOXXX AQD
SIZE,3
VICTIM,MOS7 MOB
CRIME,MUD MI9CH
TIME,EARTHHR6
PLACE,4NXDEZQ
MOTIVE,BR6WQEST
WEAPON,SNDSABER
BANDIT,MOSSMNK
SIZE,8
VICTIM,JAG7ARJOE
CRIME,STARZWIP
TIME,MIDDAYY2
PLACE,NOVANEST
MOTIVE,BUBGOAL
WEAPON,BUBBLADE
BANDIT,OWLBXXNDT
SIZE,2
VICTIM,BEE BROZ1
CRIME,NAPUNAXQB
TIME,DUSKRUN0K
PLACE,FOREST
MOTIVE,SNCKNEED
WEAPON,SNDSABER
BANDIT,QUEENQQ
SIZE,1
VICTIM,JAG7ARJOE
CRIME,BUBTHEFT
TIME,DUSKRUN0K
PLACE,EVER3ST
MOTIVE,BR6WQEST
WEAPON,BANANAZ1
BANDIT,SLUGLORDZ
SIZE,6
VICTIM,QUA6L Q
CRIME,BONKBONK1
TIME,NOONRUSH0
PLACE,PLUTYARD0
MOTIVE,STARDUTY
WEAPON,LEAFLNC
BANDIT,OWLBXXNDT
SIZE,5
VICTIM,C1WCLAN X
CRIME,BUBTHEFT
TIME,WNDWATCH
PLACE,PACIFIC
MOTIVE,TURFPRID
WEAPON,GLOOPRAY
BANDIT,RATRGUE3
SIZE,7
VICTIM,FOXFORCE1
CRIME,CHEESEGRBK
TIME,EARTHHR6
PLACE,MARSDUNE
MOTIVE,SNCKNEED
WEAPON,SNDSABER
BANDIT,MUNKMANZ
SIZE,7
VICTIM,WORM C4EW
CRIME,NAPUNAXQB
TIME,COSMEVE4
PLACE,FOREST
MOTIVE,FUN FUND
WEAPON,CHEEAXE
BANDIT,MUNKMANZ
SIZE,5
VICTIM,M1DCREW2
CRIME,CLDCRIME
TIME,DAWNTIME
PLACE,PACIFIC
MOTIVE,HIVE TAX
WEAPON,MEGAMOP
BANDIT,SLUGLORDZ
SIZE,2
VICTIM,GO5T G5NG
CRIME,BONKBONK1
TIME,SUNRISEZ
PLACE,EVER3ST
MOTIVE,TURFPRID
WEAPON,LEAFLNC
BANDIT,ANTKNIT0
SIZE,8
VICTIM,WORM C4EW
CRIME,BUBTHEFT
TIME,STAR TIME
PLACE,4NXDEZQ
MOTIVE,STARDUTY
WEAPON,MEGAMOP
BANDIT,CRAB DUDZ
SIZE,7
VICTIM,BA6 CREW
CRIME,NAPUNAXQB
TIME,NIGHTRUN
PLACE,LUNARPIT3
MOTIVE,FO7MQEST
WEAPON,BUBBLADE
BANDIT,YAKXKIDX
SIZE,3
VICTIM,QUA6L Q
CRIME,STARZWIP
TIME,MOONHOUR
PLACE,ION CORE84
MOTIVE,RAGEWHY
WEAPON,BUBBLADE
BANDIT,CRAB DUDZ
SIZE,4
VICTIM,OWL 3ANG
CRIME,STARZWIP
TIME,SOLRSNAP
PLACE,EVER3ST
MOTIVE,MOONDEBT
WEAPON,FOAMGUN
BANDIT,QUEENQQ
SIZE,8
VICTIM,C1WCLAN X
CRIME,EGGJSNCH3
TIME,NOONRUSH0
PLACE,PACIFIC
MOTIVE,CHEELUST
WEAPON,BANANAZ1
BANDIT,FROGKNG
SIZE,8
VICTIM,8LUG 9QUAD
CRIME,JOKEROB7
TIME,SUNRISEZ
PLACE,4NXDEZQ
MOTIVE,BUBGOAL
WEAPON,BUBBLADE
BANDIT,BUNYBRV2
SIZE,9
VICTIM,GO5T G5NG
CRIME,LEAYLIFT
TIME,STAR TIME
PLACE,PLUTYARD0
MOTIVE,BUBGOAL
WEAPON,WNDWAND
BANDIT,MUNKMANZ
SIZE,3
VICTIM,MOS7 MOB
CRIME,HAT HUVL
TIME,MIDDAYY2
PLACE,J5PITER
MOTIVE,S8NDFEUD
WEAPON,SNDSABER
BANDIT,JOKERZJOX
SIZE,1
VICTIM,MOS7 MOB
CRIME,CLDCRIME
TIME,TIDETURN
PLACE,GALAGATE
MOTIVE,TURFPRID
WEAPON,MUQMISS0
BANDIT,YAKXKIDX
SIZE,6
VICTIM,OWL 3ANG
CRIME,BONKBONK1
TIME,SHADE SHF
PLACE,SPACE 99
MOTIVE,STARDUTY
WEAPON,BANANAZ1
BANDIT,GOATGAL JK
SIZE,1
VICTIM,JAG7ARJOE
CRIME,POLL8ST
TIME,MOONHOUR
PLACE,COMETCLF
MOTIVE,SNCKNEED
WEAPON,LEAFLNC
BANDIT,YAKXKIDX
SIZE,0
VICTIM,BEE BROZ1
CRIME,MUD MI9CH
TIME,DAWNTIME
PLACE,GALAGATE
MOTIVE,RAGEWHY
WEAPON,BANANAZ1
BANDIT,FROGKNG
SIZE,8
VICTIM,GO5T G5NG
CRIME,STARZWIP
TIME,DUSKRUN0K
PLACE,J5PITER
MOTIVE,TURFPRID
WEAPON,FOAMGUN
BANDIT,JOKERZJOX
SIZE,3
VICTIM,R4TPACKX
CRIME,JOKEROB7
TIME,COSMEVE4
PLACE,DEEPPIT X0
MOTIVE,S8NDFEUD
WEAPON,SNDSABER
BANDIT,SLIMEBOTK
SIZE,1
VICTIM,QUA6L Q
CRIME,MUD MI9CH
TIME,SOLRSNAP
PLACE,MARSDUNE
MOTIVE,FO7MQEST
WEAPON,BANANAZ1
BANDIT,RATRGUE3
SIZE,1
VICTIM,JAG7ARJOE
CRIME,BARK X BG
TIME,SOLRSNAP
PLACE,NOVANEST
MOTIVE,BR6WQEST
WEAPON,WNDWAND
BANDIT,FROGKNG
SIZE,1
VICTIM,OWL 3ANG
CRIME,BARK X BG
TIME,STAR TIME
PLACE,NOVANEST
MOTIVE,FO7MQEST
WEAPON,NOODWHIP
BANDIT,SLUGLORDZ
SIZE,9
VICTIM,DUCK D5VZ
CRIME,SANDSWIPE
TIME,DUSKRUN0K
PLACE,COMETCLF
MOTIVE,TURFPRID
WEAPON,CHEEAXE
BANDIT,JOKERZJOX
SIZE,9
VICTIM,WORM C4EW
CRIME,SANDSWIPE
TIME,EARTHHR6
PLACE,ION CORE84
MOTIVE,CLDRNT
WEAPON,CLDHAMR0
BANDIT,FOXXX AQD
SIZE,0
VICTIM,A2TXARMY
CRIME,BONKBONK1
TIME,CLDCLOCKY
PLACE,4NXDEZQ
MOTIVE,HIVE TAX
WEAPON,WNDWAND
BANDIT,SLIMEBOTK
SIZE,3
VICTIM,QUA6L Q
CRIME,CHEESEGRBK
TIME,SOLRSNAP
PLACE,EVER3ST
MOTIVE,TURFPRID
WEAPON,BUBBLADE
BANDIT,QUEENQQ
SIZE,0
VICTIM,8LUG 9QUAD
CRIME,BARK X BG
TIME,DAWNTIME
PLACE,LUNARPIT3
MOTIVE,TI9EGAIN
WEAPON,LEAFLNC
BANDIT,QUEENQQ
SIZE,1
VICTIM,BEE BROZ1
CRIME,CLDCRIME
TIME,SUNRISEZ
PLACE,J5PITER
MOTIVE,CHEELUST
WEAPON,NOODWHIP
BANDIT,RATRGUE3
SIZE,4
VICTIM,8LUG 9QUAD
CRIME,BUBTHEFT
TIME,TIDETURN
PLACE,ATOMTOWN
MOTIVE,BR6WQEST
WEAPON,SPDSTICK
BANDIT,YAKXKIDX
SIZE,3
VICTIM,BA6 CREW
CRIME,CHEESEGRBK
TIME,DAWNTIME
PLACE,PACIFIC
MOTIVE,BR6WQEST
WEAPON,LEAFLNC
BANDIT,JOKERZJOX
SIZE,4
VICTIM,A2TXARMY
CRIME,SANDSWIPE
TIME,STAR TIME
PLACE,PACIFIC
MOTIVE,TI9EGAIN
WEAPON,MEGAMOP
BANDIT,BEARBARD
SIZE,5
VICTIM,FOXFORCE1
CRIME,HAT HUVL
TIME,STAR TIME
PLACE,GALAGATE
MOTIVE,BR6WQEST
WEAPON,MEGAMOP
BANDIT,CRAB DUDZ
SIZE,5
VICTIM,FOXFORCE1
CRIME,CHEESEGRBK
TIME,COSMEVE4
PLACE,SPACE 99
MOTIVE,STARDUTY
WEAPON,BANANAZ1
BANDIT,DUCKUVON6
SIZE,5
VICTIM,C1WCLAN X
CRIME,NAPUNAXQB
TIME,MIDDAYY2
PLACE,GALAGATE
MOTIVE,TURFPRID
WEAPON,MUQMISS0
BANDIT,YAKXKIDX
SIZE,6
VICTIM,QUA6L Q
CRIME,MUD MI9CH
TIME,NIGHTRUN
PLACE,ATOMTOWN
MOTIVE,CLDRNT
WEAPON,NOODWHIP
BANDIT,JOKERZJOX
SIZE,0
VICTIM,JAG7ARJOE
CRIME,JOKEROB7
TIME,WNDWATCH
PLACE,FOREST
MOTIVE,FO7MQEST
WEAPON,SPDSTICK
BANDIT,BEARBARD
SIZE,5
VICTIM,QUA6L Q
CRIME,BARK X BG
TIME,SUNRISEZ
PLACE,GALAGATE
MOTIVE,FUN FUND
WEAPON,FOAMGUN
BANDIT,MOSSMNK
SIZE,2
VICTIM,BA6 CREW
CRIME,CHEESEGRBK
TIME,CLDCLOCKY
PLACE,4NXDEZQ
MOTIVE,STARDUTY
WEAPON,BANANAZ1
BANDIT,GOATGAL JK
SIZE,3
VICTIM,OWL 3ANG
CRIME,STARZWIP
TIME,SHADE SHF
PLACE,MARSDUNE
MOTIVE,BR6WQEST
WEAPON,FOAMGUN
BANDIT,FOXXX AQD
SIZE,6
VICTIM,BA6 CREW
CRIME,POLL8ST
TIME,MIDDAYY2
PLACE,GALAGATE
MOTIVE,TI9EGAIN
WEAPON,NOODWHIP
BANDIT,MOSSMNK
SIZE,6
VICTIM,OWL 3ANG
CRIME,NAPUNAXQB
TIME,DAWNTIME
PLACE,PACIFIC
MOTIVE,HIVE TAX
WEAPON,CHEEAXE
BANDIT,FOXXX AQD
SIZE,3
VICTIM,QUA6L Q
CRIME,CHEESEGRBK
TIME,CLDCLOCKY
PLACE,COMETCLF
MOTIVE,RAGEWHY
WEAPON,FOAMGUN
BANDIT,SLIMEBOTK
SIZE,9
VICTIM,GO5T G5NG
CRIME,LEAYLIFT
TIME,TIDETURN
PLACE,NOVANEST
MOTIVE,SNCKNEED
WEAPON,MUQMISS0
BANDIT,BEARBARD
SIZE,6
VICTIM,A2TXARMY
CRIME,CLDCRIME
TIME,STAR TIME
PLACE,FOREST
MOTIVE,FUN FUND
WEAPON,LEAFLNC
BANDIT,JOKERZJOX
SIZE,2
VICTIM,BEE BROZ1
CRIME,CHEESEGRBK
TIME,COSMEVE4
PLACE,ATOMTOWN
MOTIVE,RAGEWHY
WEAPON,GLOOPRAY
BANDIT,RATRGUE3
SIZE,6
VICTIM,8LUG 9QUAD
CRIME,BONKBONK1
TIME,DAWNTIME
PLACE,SAHARA5
MOTIVE,TI9EGAIN
WEAPON,GLOOPRAY
BANDIT,YAKXKIDX
SIZE,4
VICTIM,DUCK D5VZ
CRIME,HAT HUVL
TIME,NIGHTRUN
PLACE,ION CORE84
MOTIVE,S8NDFEUD
WEAPON,MUQMISS0
BANDIT,SLUGLORDZ
SIZE,2
VICTIM,MOS7 MOB
CRIME,STARZWIP
TIME,MIDDAYY2
PLACE,ION CORE84
MOTIVE,S8NDFEUD
WEAPON,BANANAZ1
BANDIT,BEARBARD
SIZE,9
VICTIM,8LUG 9QUAD
CRIME,JOKEROB7
TIME,NOONRUSH0
PLACE,PACIFIC
MOTIVE,CLDRNT
WEAPON,SNDSABER
BANDIT,BUNYBRV2
SIZE,8
VICTIM,BEE BROZ1
CRIME,HAT HUVL
TIME,DAWNTIME
PLACE,PACIFIC
MOTIVE,TI9EGAIN
WEAPON,SNDSABER
BANDIT,ANTKNIT0
SIZE,0
VICTIM,F3OG FAM3
CRIME,BUBTHEFT
TIME,COSMEVE4
PLACE,ION CORE84
MOTIVE,CHEELUST
WEAPON,STAKLNGJV
BANDIT,FOXXX AQD
SIZE,2
VICTIM,M1DCREW2
CRIME,POLL8ST
TIME,DUSKRUN0K
PLACE,4NXDEZQ
MOTIVE,HIVE TAX
WEAPON,SNDSABER
BANDIT,ANTKNIT0
SIZE,6
VICTIM,BA6 CREW
CRIME,JOKEROB7
TIME,DUSKRUN0K
PLACE,LUNARPIT3
MOTIVE,TURFPRID
WEAPON,SNDSABER
BANDIT,JOKERZJOX
SIZE,5
VICTIM,FOXFORCE1
CRIME,BARK X BG
TIME,SUNRISEZ
PLACE,J5PITER
MOTIVE,CHEELUST
WEAPON,SPDSTICK
BANDIT,GOATGAL JK
SIZE,5
VICTIM,BA6 CREW
CRIME,BONKBONK1
TIME,DUSKRUN0K
PLACE,4NXDEZQ
MOTIVE,S8NDFEUD
WEAPON,FOAMGUN
BANDIT,FROGKNG
SIZE,3
VICTIM,C1WCLAN X
CRIME,LEAYLIFT
TIME,SUNRISEZ
PLACE,MARSDUNE
MOTIVE,FO7MQEST
WEAPON,MUQMISS0
BANDIT,YAKXKIDX
SIZE,3
VICTIM,8LUG 9QUAD
CRIME,BONKBONK1
TIME,MIDDAYY2
PLACE,MARSDUNE
MOTIVE,BUBGOAL
WEAPON,SNDSABER
BANDIT,SLIMEBOTK
SIZE,1
VICTIM,DUCK D5VZ
CRIME,EGGJSNCH3
TIME,DAWNTIME
PLACE,COMETCLF
MOTIVE,TI9EGAIN
WEAPON,NOODWHIP
BANDIT,YAKXKIDX
